/*
SQLyog Ultimate v12.09 (64 bit)
MySQL - 8.0.12 : Database - e-commerce
*********************************************************************
*/

/*!40101 SET NAMES utf8 */;

/*!40101 SET SQL_MODE=''*/;

/*!40014 SET @OLD_UNIQUE_CHECKS=@@UNIQUE_CHECKS, UNIQUE_CHECKS=0 */;
/*!40014 SET @OLD_FOREIGN_KEY_CHECKS=@@FOREIGN_KEY_CHECKS, FOREIGN_KEY_CHECKS=0 */;
/*!40101 SET @OLD_SQL_MODE=@@SQL_MODE, SQL_MODE='NO_AUTO_VALUE_ON_ZERO' */;
/*!40111 SET @OLD_SQL_NOTES=@@SQL_NOTES, SQL_NOTES=0 */;
CREATE DATABASE /*!32312 IF NOT EXISTS*/`e-commerce` /*!40100 DEFAULT CHARACTER SET utf8mb4 COLLATE utf8mb4_0900_ai_ci */;

USE `e-commerce`;

/*Table structure for table `address` */

DROP TABLE IF EXISTS `address`;

CREATE TABLE `address` (
  `id` int(4) NOT NULL AUTO_INCREMENT,
  `uid` int(4) DEFAULT NULL COMMENT '用户ID',
  `phone` varchar(40) CHARACTER SET utf8mb4 COLLATE utf8mb4_0900_ai_ci DEFAULT NULL COMMENT '手机号',
  `postcode` varchar(40) CHARACTER SET utf8mb4 COLLATE utf8mb4_0900_ai_ci DEFAULT NULL COMMENT '邮编',
  `province` varchar(40) CHARACTER SET utf8mb4 COLLATE utf8mb4_0900_ai_ci DEFAULT NULL COMMENT '省份',
  `city` varchar(40) CHARACTER SET utf8mb4 COLLATE utf8mb4_0900_ai_ci DEFAULT NULL COMMENT '市',
  `county` varchar(40) CHARACTER SET utf8mb4 COLLATE utf8mb4_0900_ai_ci DEFAULT NULL COMMENT '县',
  `detaileAddress` varchar(40) CHARACTER SET utf8mb4 COLLATE utf8mb4_0900_ai_ci DEFAULT NULL COMMENT '详细地址',
  `name` varchar(40) DEFAULT NULL COMMENT '收货姓名',
  PRIMARY KEY (`id`) USING BTREE
) ENGINE=InnoDB AUTO_INCREMENT=16 DEFAULT CHARSET=utf8mb4 COLLATE=utf8mb4_0900_ai_ci ROW_FORMAT=DYNAMIC;

/*Data for the table `address` */

insert  into `address`(`id`,`uid`,`phone`,`postcode`,`province`,`city`,`county`,`detaileAddress`,`name`) values (1,1,'12022365520','100000','安徽省','合肥市','通城县','虎园公寓2楼','张三'),(2,2,'12022365520','100000','安徽省','合肥市','通城县','虎园公寓2楼','李四'),(3,2,'12022302250','100000','福建省','福州','福清县','友阿国际楼3层','王五'),(4,3,'12322256663','100000','甘肃省','兰州市','玉门县','沙雪璐21号公寓','李六'),(9,1,'3242423','3423423','北京','市辖区','东城','广泛大概','的身份'),(13,1,'151551555','123456','辽宁','鞍山','铁东','二十大','杀杀杀'),(14,1,'342','fds','北京','市辖区','东城','dsf ','fds'),(15,1,'15654512121','100000','吉林','四平','铁西','热水','啊实打实');

/*Table structure for table `captcha` */

DROP TABLE IF EXISTS `captcha`;

CREATE TABLE `captcha` (
  `id` int(4) NOT NULL AUTO_INCREMENT,
  `capimgs` varchar(40) CHARACTER SET utf8mb4 COLLATE utf8mb4_0900_ai_ci DEFAULT NULL COMMENT '图片地址',
  `capvalue` varchar(40) CHARACTER SET utf8mb4 COLLATE utf8mb4_0900_ai_ci DEFAULT NULL COMMENT '验证码内容',
  PRIMARY KEY (`id`) USING BTREE
) ENGINE=InnoDB DEFAULT CHARSET=utf8mb4 COLLATE=utf8mb4_0900_ai_ci ROW_FORMAT=DYNAMIC COMMENT='验证码表';

/*Data for the table `captcha` */

/*Table structure for table `category` */

DROP TABLE IF EXISTS `category`;

CREATE TABLE `category` (
  `id` int(4) NOT NULL AUTO_INCREMENT,
  `name` varchar(40) CHARACTER SET utf8mb4 COLLATE utf8mb4_0900_ai_ci NOT NULL COMMENT '产品类型',
  PRIMARY KEY (`id`) USING BTREE
) ENGINE=InnoDB AUTO_INCREMENT=8 DEFAULT CHARSET=utf8mb4 COLLATE=utf8mb4_0900_ai_ci ROW_FORMAT=DYNAMIC COMMENT='分类表';

/*Data for the table `category` */

insert  into `category`(`id`,`name`) values (1,'首页'),(2,'蔬菜'),(3,'水果'),(5,'干果'),(6,'秒杀'),(7,'关于我们');

/*Table structure for table `category_two` */

DROP TABLE IF EXISTS `category_two`;

CREATE TABLE `category_two` (
  `id` int(4) NOT NULL AUTO_INCREMENT,
  `cid` int(4) NOT NULL COMMENT '分类表id外键',
  `name` varchar(40) CHARACTER SET utf8mb4 COLLATE utf8mb4_0900_ai_ci NOT NULL COMMENT '分类名称',
  PRIMARY KEY (`id`) USING BTREE
) ENGINE=InnoDB AUTO_INCREMENT=27 DEFAULT CHARSET=utf8mb4 COLLATE=utf8mb4_0900_ai_ci ROW_FORMAT=DYNAMIC COMMENT='二级分类表';

/*Data for the table `category_two` */

insert  into `category_two`(`id`,`cid`,`name`) values (1,2,'叶'),(2,2,'根'),(3,2,'荚'),(4,2,'果'),(5,3,'水果新鲜'),(6,3,'果篮'),(7,3,'热带水果'),(8,3,'时令水果'),(9,3,'进口水果'),(10,3,'常规水果'),(11,5,'枣干'),(12,5,'蜜饯'),(13,5,'坚果'),(14,5,'年货'),(15,4,'果脯'),(16,4,'果干礼包'),(17,4,'脱水果干'),(18,4,'话梅'),(19,4,'冻干果片'),(20,6,'仅限48小时'),(21,6,'50%折扣'),(22,6,'促销优惠'),(23,6,'即时秒杀'),(24,1,'水果商店'),(25,2,'茎'),(26,2,'花');

/*Table structure for table `collect` */

DROP TABLE IF EXISTS `collect`;

CREATE TABLE `collect` (
  `id` int(4) NOT NULL AUTO_INCREMENT,
  `uid` int(4) DEFAULT NULL COMMENT '用户表id 外键',
  `pid` int(4) DEFAULT NULL COMMENT '产品表id 外键',
  `number` int(4) DEFAULT '1' COMMENT '收藏数量',
  PRIMARY KEY (`id`) USING BTREE
) ENGINE=InnoDB AUTO_INCREMENT=61 DEFAULT CHARSET=utf8mb4 COLLATE=utf8mb4_0900_ai_ci ROW_FORMAT=DYNAMIC COMMENT='收藏表';

/*Data for the table `collect` */

insert  into `collect`(`id`,`uid`,`pid`,`number`) values (60,1,259,1);

/*Table structure for table `order` */

DROP TABLE IF EXISTS `order`;

CREATE TABLE `order` (
  `id` int(4) NOT NULL AUTO_INCREMENT,
  `orderCode` varchar(40) CHARACTER SET utf8mb4 COLLATE utf8mb4_0900_ai_ci NOT NULL COMMENT '订单号',
  `userMessae` varchar(40) CHARACTER SET utf8mb4 COLLATE utf8mb4_0900_ai_ci DEFAULT NULL COMMENT '用户备注信息',
  `createDate` timestamp NULL DEFAULT CURRENT_TIMESTAMP ON UPDATE CURRENT_TIMESTAMP COMMENT '订单创建日期',
  `status` int(5) DEFAULT '0' COMMENT '订单状态 揽件，发货，派件，收货，确认收货，5个状态 0表示退款',
  `aid` int(5) DEFAULT NULL COMMENT '收货地址ID 外键',
  `pid` int(5) DEFAULT NULL COMMENT '产品ID',
  `number` int(5) DEFAULT NULL COMMENT '数量',
  `uid` int(5) DEFAULT NULL COMMENT '用户id',
  PRIMARY KEY (`id`) USING BTREE
) ENGINE=InnoDB AUTO_INCREMENT=101 DEFAULT CHARSET=utf8mb4 COLLATE=utf8mb4_0900_ai_ci ROW_FORMAT=DYNAMIC COMMENT='订单表';

/*Data for the table `order` */

insert  into `order`(`id`,`orderCode`,`userMessae`,`createDate`,`status`,`aid`,`pid`,`number`,`uid`) values (3,'82975544810',NULL,'2019-01-20 00:44:20',2,4,1,2,NULL),(6,'00978914557',NULL,'2019-01-20 00:44:20',2,4,2,2,NULL),(9,'42974414854',NULL,'2019-01-20 00:44:20',2,14,5,2,NULL),(10,'14402114810',NULL,'2019-01-20 00:44:20',2,5,7,2,NULL),(11,'82978911410',NULL,'2019-01-20 00:44:20',2,8,4,2,NULL),(12,'82142891410',NULL,'2019-01-20 00:44:20',2,12,1,1,NULL),(13,'82410914810',NULL,'2019-01-20 00:44:20',2,51,3,1,NULL),(14,'41444254100',NULL,'2019-01-20 01:27:38',2,11,2,1,NULL),(16,'54561561651',NULL,'2019-01-20 19:15:55',3,11,5,3,NULL),(18,'54561561652',NULL,'2019-01-20 19:23:51',3,51,5,3,NULL),(92,'20190126433447',NULL,'2019-01-23 13:46:47',0,NULL,14,1,1),(93,'20190124760090',NULL,'2019-01-23 15:04:34',1,NULL,259,3,1),(94,'20190122572845',NULL,'2019-01-23 15:04:04',0,NULL,24,3,1),(95,'20190123532953',NULL,'2019-01-23 15:04:34',1,NULL,259,1,1),(96,'20190121004203',NULL,'2019-02-03 22:32:36',0,NULL,12,1,1),(97,'20190126038471',NULL,'2019-02-03 22:32:36',0,NULL,14,1,1),(98,'20190121363832',NULL,'2019-02-03 22:32:36',0,NULL,291,1,1),(99,'20190124998478',NULL,'2019-02-18 14:07:29',1,NULL,24,2,1),(100,'2019012820706',NULL,'2019-02-18 14:07:29',1,NULL,259,1,1);

/*Table structure for table `orderitem` */

DROP TABLE IF EXISTS `orderitem`;

CREATE TABLE `orderitem` (
  `id` int(4) NOT NULL AUTO_INCREMENT,
  `pid` int(4) DEFAULT NULL COMMENT '产品id 外键',
  `oid` int(4) DEFAULT NULL COMMENT '订单id 外键',
  `uid` int(4) DEFAULT NULL COMMENT '用户id 外键',
  `number` int(4) DEFAULT NULL COMMENT '购买数量',
  PRIMARY KEY (`id`)
) ENGINE=InnoDB DEFAULT CHARSET=utf8mb4 COLLATE=utf8mb4_0900_ai_ci COMMENT='订单项';

/*Data for the table `orderitem` */

/*Table structure for table `particularsimg` */

DROP TABLE IF EXISTS `particularsimg`;

CREATE TABLE `particularsimg` (
  `id` int(4) NOT NULL AUTO_INCREMENT,
  `pid` int(4) NOT NULL,
  `imgUrl` varchar(255) CHARACTER SET utf8mb4 COLLATE utf8mb4_0900_ai_ci NOT NULL,
  PRIMARY KEY (`id`) USING BTREE,
  KEY `pid` (`pid`) USING BTREE,
  CONSTRAINT `pid` FOREIGN KEY (`pid`) REFERENCES `product` (`id`)
) ENGINE=InnoDB AUTO_INCREMENT=20 DEFAULT CHARSET=utf8mb4 COLLATE=utf8mb4_0900_ai_ci ROW_FORMAT=DYNAMIC;

/*Data for the table `particularsimg` */

insert  into `particularsimg`(`id`,`pid`,`imgUrl`) values (1,263,'shiliu1.jpg'),(2,263,'shiliu2.jpg'),(3,263,'shiliu3.jpg'),(4,263,'shiliu4.jpg'),(5,263,'shiliu5.jpg'),(6,263,'shiliu6.jpg'),(7,263,'shiliu7.jpg'),(8,263,'shiliu8.jpg'),(9,263,'shiliu9.jpg'),(10,263,'shiliu10.jpg'),(11,263,'shiliu11.jpg'),(12,263,'shiliu12.jpg'),(13,263,'shiliu13.jpg'),(14,264,'lanmei1.jpg'),(15,264,'lanmei2.jpg'),(16,264,'lanmei3.jpg'),(17,264,'lanmei4.jpg'),(18,264,'lanmei5.jpg'),(19,264,'lanmei6.jpg');

/*Table structure for table `product` */

DROP TABLE IF EXISTS `product`;

CREATE TABLE `product` (
  `id` int(4) NOT NULL AUTO_INCREMENT,
  `name` varchar(40) CHARACTER SET utf8mb4 COLLATE utf8mb4_0900_ai_ci NOT NULL COMMENT '商品名称',
  `subTitle` varchar(100) CHARACTER SET utf8mb4 COLLATE utf8mb4_0900_ai_ci NOT NULL COMMENT '小标题',
  `originalPrice` float DEFAULT NULL COMMENT '原始价格',
  `promotePrice` float DEFAULT NULL COMMENT '优惠价格',
  `stock` int(4) DEFAULT NULL COMMENT '库存',
  `createDate` datetime DEFAULT NULL COMMENT '采摘日期',
  `day` datetime DEFAULT NULL COMMENT '保质期',
  `two_id` int(4) DEFAULT NULL COMMENT '分类ID',
  `star` int(4) DEFAULT NULL,
  PRIMARY KEY (`id`) USING BTREE
) ENGINE=InnoDB AUTO_INCREMENT=306 DEFAULT CHARSET=utf8mb4 COLLATE=utf8mb4_0900_ai_ci ROW_FORMAT=DYNAMIC COMMENT='产品表';

/*Data for the table `product` */

insert  into `product`(`id`,`name`,`subTitle`,`originalPrice`,`promotePrice`,`stock`,`createDate`,`day`,`two_id`,`star`) values (1,'菠菜','大力水手农家时令生鲜宝宝辅食北京蔬菜',7.18,4.18,100002,NULL,NULL,2,3),(2,'韭菜','韭菜种子宽叶独根红雪韭汉中不休眠阳台包邮',9.18,6.18,100002,NULL,NULL,2,0),(3,'荠菜','农家现挖新鲜野生荠菜 野菜地菜 新鲜蔬菜',7.25,4.25,100002,NULL,NULL,2,4),(4,'鲍芹','山东章丘鲍芹 新鲜蔬菜 芹菜 2kg 四斤包邮！有机',9.99,6.99,101102,NULL,NULL,2,5),(5,'油菜','绿鲜知 上海青 小油菜 小青菜 约400g 火锅食材 新鲜蔬菜',12.5,9.5,100119,NULL,NULL,1,4),(6,'罗马生菜','绿鲜只 罗马生菜 约400g 火锅食材 新鲜蔬菜清脆水嫩，百搭时蔬',12.5,9.5,100119,NULL,NULL,1,3),(7,'油麦菜','绿鲜知 上海青 小油菜 小青菜 约400g 火锅食材 新鲜蔬菜',12.5,9.5,100119,NULL,NULL,1,2),(8,'香菜','绿鲜知 香菜 约200g 火锅食材 新鲜蔬菜香菜',19.9,16.9,100119,NULL,NULL,1,5),(9,'蔬菜','泥锅泥碗 新鲜蔬菜宅配套餐卡 礼品卡 5斤月卡',326.66,323.66,100119,NULL,NULL,2,1),(10,'红薯','福建六鳌红薯 蜜署 地瓜 2/5kg红蜜薯 单果重约105kg',19.9,16.9,100019,NULL,NULL,2,4),(11,'山药','优选100 焦作温鲜沙土铁棍山药',19.9,16.9,100119,NULL,NULL,2,2),(12,'白菜','绿先知 三宝白菜 约1kg 火锅食材 新鲜蔬菜 ',8.8,5.8,100229,NULL,NULL,1,4),(13,'冰菜','农家大姐 冰菜 冰草 沙拉菜 1.5kg 送沙拉酱清脆爽口健康蔬菜',26.6,23.6,100119,NULL,NULL,1,4),(14,'胡萝卜','绿先知 胡萝卜 红萝卜 干旬 火锅食材',7.8,4.8,100119,NULL,NULL,2,5),(15,'黑玉米','金田玉农业 吉林松原黑糯玉米6根装礼盒 非转基因',25.9,22.9,100119,NULL,NULL,4,4),(16,'西红柿','绿鲜知 西红柿 番茄 粉茄 新鲜蔬菜 鲜亮沙甜 软糯多汁',20.5,17.5,132009,NULL,NULL,4,2),(17,'西芹','有机 有机芹菜 西芹 新鲜蔬菜 沙拉菜 榨汁',8.8,5.8,100119,NULL,NULL,4,3),(18,'奶白菜','供港斗白菜 奶白菜 约400g 火锅食材 新鲜蔬菜',12.5,9.5,100119,NULL,NULL,2,3),(19,'西葫芦','小鲜 西葫芦 角瓜 询瓜 烧烤食材 新鲜蔬菜',12.5,9.5,100119,NULL,NULL,4,4),(20,'板栗','聚怀斋 河北千禧小鲜板栗 1.5g 生板栗 油板栗 小鲜蔬菜',12.5,9.5,133119,NULL,NULL,4,4),(21,'圣女果','小鲜 圣女果 小番茄 樱桃番茄约500g 新鲜蔬菜',13.5,10.5,102219,NULL,NULL,4,4),(22,'莴笋','小鲜 去皮莴笋 莴苣 火锅食材料 新鲜蔬菜',15.9,12.9,100009,NULL,NULL,1,4),(23,'蒜薹','小鲜 蒜薹 蒜苗 约300g 火锅食材 小鲜蔬菜',14.5,11.5,100155,NULL,NULL,2,1),(24,'橙子','橙子（3个装）平安定制组合 新鲜水果 新鲜蔬菜',12.5,9.5,100220,NULL,NULL,4,4),(25,'秋葵','小鲜 秋葵 约200g 新鲜蔬菜 颜色碧绿 脆嫩多汁',112.5,109.5,102509,NULL,NULL,4,5),(26,'蔬菜1','河湾农场 有机蔬菜礼盒 礼券 新鲜蔬菜组合',19.2,16.2,100200,NULL,NULL,4,4),(27,'荷兰黄瓜','小鲜 荷兰黄瓜 约600g 小鲜蔬菜 荷兰黄瓜脆嫩爽滑',12.5,9.5,102229,NULL,NULL,4,3),(28,'小白菜','小鲜 小白菜 约400g 火锅食材新鲜蔬菜',18.5,15.5,100119,NULL,NULL,1,3),(29,'白萝卜','小鲜 白萝卜 约1200g 火锅食材 小鲜蔬菜 ',12,9,102009,NULL,NULL,2,4),(30,'蒿子秆','小鲜 蒿子秆 约400g 火锅涮菜 小鲜蔬菜',13,10,100119,NULL,NULL,2,5),(31,'小芹菜','绿鲜知 西芹 芹菜 约800g',12.1,9.1,110119,NULL,NULL,2,4),(32,'青萝卜','佳美舒达 山东特产 槐房青萝卜 水果萝卜',29.8,26.8,220009,NULL,NULL,2,5),(33,'豆芽菜','有机 豆芽菜 先黄豆芽 新鲜蔬菜 250kg',6.8,3.8,120004,NULL,NULL,2,4),(34,'甜玉米','小鲜 甜玉米 水果玉米 包谷苞米 约1kg 火锅食材',15.8,12.8,102009,NULL,NULL,3,5),(35,'沙拉菜','绿鲜知 都市轻食 沙拉菜组合约700g 新鲜蔬菜',22.8,19.8,101209,NULL,NULL,1,4),(36,'荷兰豆','新鲜荷兰豆 约300g 新鲜蔬菜 稚嫩清香 营养丰富',11.8,8.8,122219,NULL,NULL,3,3),(37,'白菜花','绿鲜知 白菜花 花椰菜 约400g 火锅食材 新鲜蔬菜',10.8,7.8,102219,NULL,NULL,2,4),(38,'栗仁','绿鲜知 鲜板栗仁 去皮板栗 约450kg 新鲜蔬菜',22.8,19.8,100119,NULL,NULL,3,4),(39,'黄瓜','绿鲜知 黄瓜 约1kg',16.8,13.8,100119,NULL,NULL,4,3),(40,'红洋葱','绿鲜知 红洋葱 约500g 烧烤食材 新鲜蔬菜',6.8,3.8,100100,NULL,NULL,2,4),(41,'烟暑','佳美舒达 山东烟暑25号 约2.5kg 糖心蜜署 烤署 红薯',29.9,26.9,100100,NULL,NULL,2,5),(42,'蔬菜丁','浦之灵 欧式',150,147,100100,NULL,NULL,4,4),(43,'大番茄','【预售】有机汇 有机西红柿 大番茄 新鲜蔬菜',24.8,21.8,100100,NULL,NULL,4,3),(44,'芦笋','绿鲜知 鲜芦笋 约300kg 火锅食材 新鲜蔬菜',29.8,26.8,100100,NULL,NULL,2,4),(45,'水果玉米','绿鲜知 云南甜玉米 水果玉米 约2.5kg 烧烤食材 新鲜蔬菜',12.5,9.5,100100,NULL,NULL,2,5),(46,'土豆','甘肃陇南高山土豆新鲜土豆武都洋芋教团土豆北方土豆',67.7,64.7,122200,NULL,NULL,2,4),(47,'芋头','桂林馆 荔浦芋头 广西桂林特产 生鲜蔬菜大槟香芋粉',32.9,29.9,100100,NULL,NULL,3,2),(48,'豌豆','密云农家新鲜生豌豆农家自种自产绿色蔬菜500g青豌豆',17.9,14.9,100100,NULL,NULL,3,3),(49,'黄豆','东北农家笨黄豆 豆芽 豆浆东北大豆黄豆2.5k',67,64,100100,NULL,NULL,3,4),(50,'百合','兰州百合鲜百合生新鲜鲜百合甜百合蔬菜年货礼盒甘肃',59.5,56.5,100100,NULL,NULL,2,5),(52,'泥笋','霍山馆 新鲜黄泥笋冬笋 毛竹笋笋尖子笋火锅食材',34.5,31.5,101000,NULL,NULL,2,5),(53,'紫薯','佳美舒达 山东特产 紫薯 地瓜 番薯 新鲜蔬菜',12.5,9.5,102220,NULL,NULL,2,4),(121,'车厘子','[现货顺丰空运]智力进口车厘子精选jj级大果',138,135,100222,NULL,NULL,6,3),(122,'红心柚子','小鲜生鲜 精品馆美柚 红心柚子两颗 新老包装',21.8,18.8,102221,NULL,NULL,8,4),(123,'红富士','烟台红富士苹果 12个 净重2.6kg以上 一二级混装',56.9,53.9,112202,NULL,NULL,8,4),(124,'猕猴桃','新鲜生鲜 山西梅县 徐香绿心猕猴桃 22个版盒装 新鲜水果',36.78,33.78,102202,NULL,NULL,8,5),(125,'大樱桃','原则味 智力进口车厘子大樱桃 1kg 新鲜水果 现货新鲜上市',74.9,71.9,220002,NULL,NULL,9,4),(149,'红心火龙果','越南进口红心火龙果 4个装 新鲜水果 肉质细腻',169,166,122102,NULL,NULL,9,3),(150,'金奇异果','Zespr佳沛 新西兰阳光金奇异果 原装大箱 特大号果子',229,226,100002,NULL,NULL,8,4),(151,'芒果','广西高乐蜜芒果4个装 单果250g以上 新鲜水果',138,135,102102,NULL,NULL,11,4),(152,'金桔','广西桂林特产小金橘 新鲜水果',13.9,10.9,111102,NULL,NULL,6,3),(153,'蛇果','美国进口华盛顿红蛇果 苹果 新鲜水果 应季',98.9,95.9,102502,NULL,NULL,8,4),(155,'香梨','新疆库尔勒香梨 特级香梨 精选大果 6个装 新鲜水果',19.9,16.9,118002,NULL,NULL,6,3),(156,'花牛','潘苹果 甘肃天水花牛苹果 8个装 单果180g',34.9,31.9,102002,NULL,NULL,9,4),(157,'芭乐','番石榴红心 红心芭乐 台湾新鲜芭乐 新鲜水果 孕妇水果',6.18,3.18,103202,NULL,NULL,9,4),(158,'牛油果','进口 牛油果 6个装 单果重约130g 新鲜水果',49.6,46.6,111102,NULL,NULL,9,3),(159,'人参果','云南人参圆国 新鲜水果 时令生鲜水果',35.8,32.8,140202,NULL,NULL,6,4),(160,'雪莲果','云南天山雪莲果 水果新鲜 时令水果',15.8,12.8,100032,NULL,NULL,6,4),(161,'脆柿','脆柿子新鲜脆甜柿子 多汁不涩口时令水果 2000g装单果170g',57,54,102002,NULL,NULL,8,5),(162,'仙铃果','仙铃果 8斤装 牛奶果热带水果 时令水果应季水果',79.8,76.8,100032,NULL,NULL,8,0),(163,'仙人果','新鲜野生仙人掌果实 仙人果 海南新鲜热带',39.8,36.8,100402,NULL,NULL,11,4),(164,'番石榴','【10斤袋】广西新鲜白心番石榴珍珠芭乐现摘现发时令水果潘石榴 10斤',38.8,35.8,102202,NULL,NULL,11,3),(169,'黑西瓜','黑美人西瓜 甜脆多汁 新鲜时令水果一个装约3.5kg 下单立减5元，2件减10元',39.9,36.9,100102,NULL,NULL,10,4),(170,'砂糖橘','【田阳馆】广西特产沙糖桔水果 砂糖橘砂糖桔2.5kg新鲜时令水果',58.8,55.8,103302,NULL,NULL,6,5),(171,'柿饼','陕西富平柿饼独立包装 新鲜应季时令水果 农家自制柿子饼 孕妇小孩老人水果子',38.8,35.8,100002,NULL,NULL,6,4),(172,'甘蔗','时令水果温州陶山甘蔗青皮绿脆皮甘蔗肉孕妇健康无污染5斤装',38.8,35.8,100002,NULL,NULL,8,4),(173,'杨桃','福建漳州杨桃 甜杨桃 12个左右 新鲜孕妇时令水果 2.5kg',35.9,32.9,100222,NULL,NULL,8,3),(174,'冬枣','帆儿庄园 山东沾化冬枣 当季新鲜时令水果 脆甜多汁 鲜枣子 2.5kg',6.18,3.18,100002,NULL,NULL,6,1),(175,'青枣','果园现摘现发 台湾大青枣新鲜孕妇水果5斤装脆鲜牛奶枣冬枣贵妃枣',39.9,36.9,100302,NULL,NULL,9,4),(209,'红毛丹','泰国进口红毛丹5斤 毛荔枝东南亚当季新鲜热带水果包邮 ',79,76,100222,NULL,NULL,9,3),(210,'哈密瓜','新鲜哈密瓜7斤以上 西州蜜瓜甜瓜新鲜水果哈密瓜热带水果当季水果',59,56,100222,NULL,NULL,8,4),(211,'杨桃','杨桃 水果包邮新鲜农家现摘热带孕妇水果洋桃5时令生鲜斤树上熟 ',33,30,100222,NULL,NULL,8,5),(212,'雾莲果','5斤装海南莲雾新鲜水果红宝石莲雾果园现摘特产热带三亚雾莲果',158,155,100222,NULL,NULL,10,4),(214,'荔枝','顺丰空运 白七爷新鲜冻荔枝 冰冻鲜荔枝 速冻桂味妃子笑热带水果 3斤 ',65,62,100222,NULL,NULL,8,4),(215,'山竹','爱奇果 进口山竹1.5kg装 中大果 新鲜山竹3斤 进口热带水果 ',79,76,100222,NULL,NULL,6,4),(216,'火参果','新鲜火参果 刺角瓜火生果 网红水果孕妇水果火星果 当季热带水果 2个（尝鲜）',39.8,36.8,100222,NULL,NULL,6,3),(217,'蛇皮果','印尼进口蛇皮果1kg 新鲜热带水果',106,103,100222,NULL,NULL,9,4),(218,'蛋黄果','海南蛋黄果 鸡蛋果2.5kg 新鲜狮头果热带水果 5斤',56,53,100222,NULL,NULL,8,3),(219,'释迦果','泰国进口释迦果大果 大目释迦果 番荔枝佛陀果 热带水果 约2-5kg 等不同规格装顺丰空运发货 1500g',158.8,155.8,100222,NULL,NULL,6,4),(220,'葡萄干','新疆吐鲁番特产绿提子干白葡萄干500g罐装休闲零食蜜饯水果干黑加仑葡萄干大颗粒香妃王葡萄干 葡萄干500g',35.1,32.1,200222,NULL,NULL,13,5),(221,'芒果干','满300减180三只松鼠 芒果干116g休闲零食特产蜜饯果脯水果干',21.9,18.9,122002,NULL,NULL,8,4),(222,'草莓干','三只松鼠草莓干蜜饯干果果脯办公室休闲水果干',23.8,20.8,111002,NULL,NULL,9,4),(224,'果蔬干','雨果小镇 九中综合果蔬干 9袋装 休闲零食冻干水果干 大礼包',99,96,122002,NULL,NULL,9,4),(225,'蜜饯组合','俏向阁 蜜饯组合624g（6包）草莓干葡萄干芒果干黄桃干水果干玫瑰干葡萄干',98,95,102012,NULL,NULL,13,5),(226,'香蕉皮','百草味 香蕉片75g 水果干 办公室休闲食品网红零食小吃',10.9,7.9,220002,NULL,NULL,12,4),(227,'冻干榴莲','满300减180三只松鼠 冻干榴莲36g袋休闲零食水果干 金枕头',33.8,30.8,123022,NULL,NULL,18,4),(228,'脱水果干','迪乐能 冻干水果干脱水水果蔬菜干果脱水蔬菜 干果蔬菜干',148,145,120012,NULL,NULL,18,3),(229,'柠檬片','三只松鼠即使柠檬片水果茶柠檬茶蜜饯果干果脯休闲零食柠檬干泡茶',15.8,12.8,200202,NULL,NULL,18,4),(230,'黄桃干','良品铺子 黄桃果干 干桃肉 蜜饯水果干果脯零食小吃',11.8,8.8,122222,NULL,NULL,18,3),(231,'凤梨干','良品铺子 蜜饯水果干菠萝块 凤梨干果脯 菠萝片 办公室零食100g',15.18,12.18,102012,NULL,NULL,18,4),(232,'山楂干','西域之上山楂干 山楂泡茶片泡水山楂片果干218g*2',19.9,16.9,120012,NULL,NULL,18,5),(233,'奇异果干','良品铺子猕猴桃干 水果干 零食猕猴桃干 果干果铺 奇异果干',9.8,6.8,200202,NULL,NULL,18,4),(234,'菠萝干','满300减200百草味100g 休闲零食蜜饯果脯水果干特产 凤梨干',23.5,20.5,122222,NULL,NULL,18,3),(236,'无花果干','来一份 无花果干25g 无花果丝冻干蜜饯水果干果脯休闲零食',18.2,15.2,120012,NULL,NULL,17,5),(237,'杏干','果园老农 蜜饯果干 零食果干 果脯 水果干土耳其杏干108g',18.9,15.9,200202,NULL,NULL,13,4),(238,'红枣干','好想你 满199减130 红枣120g枣干枣片大枣果干泡水干吃打豆浆大枣阿克苏灰枣',26.9,23.9,122222,NULL,NULL,17,3),(239,'蓝莓干','满300减180 三只松鼠 蓝钻石 蓝莓干108g零食蜜饯果脯水果干',39.8,36.8,102012,NULL,NULL,13,4),(240,'水晶柠檬','百草味 水晶柠檬片65g 蜜饯果干零食 柠檬片即事泡茶休闲食品',15.9,12.9,120012,NULL,NULL,13,5),(242,'杨梅干','106g休闲零食特产果脯蜜饯水果干',24.8,21.8,122222,NULL,NULL,13,3),(243,'秋葵脆','良品铺子 黄秋葵脆 秋葵干 即食脱水蔬菜干 蔬菜干脆片 新鲜零食 小吃',14.8,11.8,102012,NULL,NULL,17,4),(244,'桂圆肉','满300减180三只松鼠 桂圆肉 66g水果干桂圆干无核龙圆融',23.9,20.9,120012,NULL,NULL,13,4),(245,'百香果干','百草味 百香果干00g 果脯 蜜饯水果干 休闲 特产办公室零食 ',19.9,16.9,200202,NULL,NULL,13,2),(246,'混合水果','满300减200 百草味 混合冻干水果30g 每日果干 综合果蔬菜脆网红零食',22.5,19.5,122222,NULL,NULL,13,5),(248,'香菇脆','百草味 香菇脆54g 果干蜜饯 零食即食脱水蔬菜干',25.9,22.9,120012,NULL,NULL,17,3),(249,'黄桃果干','百草味 10时鲜黄桃干100g 蜜饯水果干 零食休闲食品',16.9,13.9,200202,NULL,NULL,13,4),(250,'甘草杏','亚克西甘草杏500g 蜜饯果干零食 红杏干杏果脯杏肉精品水果干',14.9,11.9,122222,NULL,NULL,13,3),(251,'干果礼包','百草味 水果干大礼包620g 年货干果大礼包',50.9,47.9,102012,NULL,NULL,15,5),(252,'提子干','满300减200 百草味 南非提子干100g 小包装水果干休闲零食特产蜜饯 MJ ',17.5,14.5,120012,NULL,NULL,12,4),(253,'法兰草莓','良品铺子 法兰帝草莓干98g*2袋 水果干 果脯蜜饯 休闲零食',6.18,3.18,200202,NULL,NULL,12,4),(254,'鲜枣脆','【满99-30】优渥 冻干县枣片 真空冻干技术 即食水果干脆片休闲零食消除',16.8,13.8,122222,NULL,NULL,17,3),(255,'年货坚果','百草味 年货坚果大礼包1380g 每日坚果礼盒 干果休闲零食',18,15,102012,NULL,NULL,15,4),(256,'三只松鼠年货','三只松鼠年货坚果大礼包1699g.9袋装每日坚果送礼组合送礼网红',118,115,120012,NULL,NULL,15,4),(257,'年货大礼','三只松鼠每日坚果年货礼盒零食坚果年货大礼包孕妇零食小吃榛子',138,135,200202,NULL,NULL,15,3),(258,'恰恰','恰恰 坚果年货 炒货零食 碧根果 夏威夷果 干果组合大礼包',228,225,122222,NULL,NULL,15,4),(259,'西兰花','有机汇 有机西兰花 西蓝花 新鲜蔬菜 供港生鲜有机蔬菜 生鲜宝宝辅食 900~1000g三朵',59,56,122000,NULL,NULL,4,3),(260,'西兰花','有机汇 有机西兰花 西蓝花 新鲜蔬菜 供港生鲜有机蔬菜 生鲜宝宝辅食 900~1000g三朵',59,56,122000,NULL,NULL,4,4),(261,'彩椒','农大姐妹 彩椒 5斤 灯笼椒 七彩椒 柿子椒 新鲜蔬菜青椒 甜椒 包邮 5斤',41.8,38.8,122000,NULL,NULL,4,5),(262,'樱桃','【现货顺丰空运】智利进口车厘子精选JJ级大果新鲜水果大樱桃 2斤年货礼盒装',138.2,135.2,122000,NULL,NULL,5,4),(263,'石榴','【两件减3元】 突尼斯软籽石榴 当季新鲜水果 6枚礼盒装(单果6两~7两）',59.8,56.8,12110,NULL,NULL,5,3),(264,'蓝莓','九舅公 秘鲁进口蓝莓鲜果宝宝辅食水果 新鲜蓝莓4盒装共500g约125g每盒 新鲜水果',98,95,100000,NULL,NULL,5,4),(265,'茄子','有机汇 有机长茄紫茄子 有机认证 供港蔬菜 生态原产地种植 新鲜采摘 宝宝辅食孕产食材 500g',25,22,100088,NULL,NULL,4,4),(266,'紫甘蓝','有机汇 有机甘蓝 紫甘蓝紫包菜 欧盟美国有机认证 400g-500g',25,22,100122,NULL,NULL,1,5),(267,'绿葡萄','新鲜晴王香印阳光青提3斤装超甜青提子绿葡萄水果顺丰空运',267,264,100122,NULL,NULL,5,4),(268,'紫洋葱','家美舒达 紫洋葱 约500g 2-3个 新鲜蔬菜',6.9,3.9,100100,NULL,NULL,4,3),(269,'菠萝','【椰岛晴】海南甜蜜蜜凤梨2个装大果2-2.5kg 薄皮非菠萝 海南热带新鲜水果 产地现摘现发',29.9,26.9,100100,NULL,NULL,5,4),(270,'香蕉','都乐(DOLE)菲律宾进口超甜蕉700g(约3-4根)盒装香蕉 新鲜直供 超长日照 口感香糯 新鲜水果',11.88,8.88,100111,NULL,NULL,5,3),(271,'芣蓝','占位',NULL,NULL,NULL,NULL,NULL,26,3),(272,'西兰花','占位',NULL,NULL,NULL,NULL,NULL,26,NULL),(273,'黄花菜','占位',NULL,NULL,NULL,NULL,NULL,26,NULL),(274,'椰花菜','占位',NULL,NULL,NULL,NULL,NULL,26,NULL),(275,'莲藕','占位',NULL,NULL,NULL,NULL,NULL,25,NULL),(276,'马铃薯','占位',NULL,NULL,NULL,NULL,NULL,25,NULL),(277,'莴笋','占位',NULL,NULL,NULL,NULL,NULL,25,NULL),(278,'土豆','占位',NULL,NULL,NULL,NULL,NULL,25,NULL),(279,'红枣干','占位',NULL,NULL,NULL,NULL,NULL,11,NULL),(280,'脆冬枣','占位',NULL,NULL,NULL,NULL,NULL,11,NULL),(281,'若羌枣','占位',NULL,NULL,NULL,NULL,NULL,11,NULL),(282,'无核红枣干','占位',NULL,NULL,NULL,NULL,NULL,11,NULL),(283,'花生酥','占位',NULL,NULL,NULL,NULL,NULL,14,NULL),(284,'果仁组合','占位',NULL,NULL,NULL,NULL,NULL,14,NULL),(285,'话梅陈皮糖','占位',NULL,NULL,NULL,NULL,NULL,14,NULL),(286,'坚果礼盒','占位',NULL,NULL,NULL,NULL,NULL,14,NULL),(287,'龙眼','占位',NULL,NULL,NULL,NULL,NULL,7,NULL),(288,'椰子','占位',NULL,NULL,NULL,NULL,NULL,7,NULL),(289,'榴莲','占位',NULL,NULL,NULL,NULL,NULL,7,NULL),(290,'香蕉','占位',NULL,NULL,NULL,NULL,NULL,7,NULL),(291,'板栗','板栗仁80gx3袋 休闲零食坚果果仁特产 即食熟制甘栗仁 ',25.9,22.9,NULL,NULL,NULL,13,NULL),(292,'黄金腰果','每日坚果 休闲零食 坚果炒货 黄金腰果1.76kg ',39.9,36.9,NULL,NULL,NULL,13,NULL),(293,'开心果','三只松鼠坚果炒货零食特产每日坚果开心果100g/袋 ',39.9,36.9,NULL,NULL,NULL,13,NULL),(294,'扁桃仁','粒上皇坚果炒货干果零食特产扁桃仁 巴旦木仁 228g',32.9,29.9,NULL,NULL,NULL,13,NULL),(295,'花生','十月稻田 花生米 （中粒 红皮 生花生米 东北 五谷 杂粮 粗粮 真空装 大米伴侣）1kg ',28.8,25.8,NULL,NULL,NULL,13,NULL),(296,'果篮(樱桃*1 石榴*2 蓝莓*2 )','樱桃*1 石榴*2 蓝莓*2 ',NULL,438.8,NULL,NULL,NULL,NULL,NULL),(297,'果篮(菠萝*1 绿葡萄*1 香蕉*1 车厘子*2 )','菠萝*1 绿葡萄*1 香蕉*1 车厘子*2 ',NULL,569.78,NULL,NULL,NULL,NULL,NULL),(298,'果篮(樱桃*2 石榴*2 蓝莓*1 )','樱桃*2 石榴*2 蓝莓*1 ',NULL,479,NULL,NULL,NULL,NULL,NULL),(299,'果篮(樱桃*2 石榴*2 蓝莓*1 )','樱桃*2 石榴*2 蓝莓*1 ',NULL,479,NULL,NULL,NULL,NULL,NULL),(300,'果篮(樱桃*2 石榴*2 蓝莓*1 )','樱桃*2 石榴*2 蓝莓*1 ',NULL,479,NULL,NULL,NULL,NULL,NULL),(301,'果篮(樱桃*1 石榴*1 菠萝*1 绿葡萄*1 香蕉*1 )','樱桃*1 石榴*1 菠萝*1 绿葡萄*1 香蕉*1 ',NULL,491.78,NULL,NULL,NULL,NULL,NULL),(302,'果篮(樱桃*2 石榴*2 蓝莓*1 )','樱桃*2 石榴*2 蓝莓*1 ',NULL,479,NULL,NULL,NULL,NULL,NULL),(303,'果篮(樱桃*2 石榴*2 蓝莓*1 )','樱桃*2 石榴*2 蓝莓*1 ',NULL,479,NULL,NULL,NULL,NULL,NULL),(304,'果篮(樱桃*2 石榴*2 蓝莓*1 )','樱桃*2 石榴*2 蓝莓*1 ',NULL,479,NULL,NULL,NULL,NULL,NULL),(305,'果篮(樱桃*2 石榴*2 蓝莓*1 )','樱桃*2 石榴*2 蓝莓*1 ',NULL,479,NULL,NULL,NULL,NULL,NULL);

/*Table structure for table `productimage` */

DROP TABLE IF EXISTS `productimage`;

CREATE TABLE `productimage` (
  `id` int(4) NOT NULL AUTO_INCREMENT,
  `pid` int(4) DEFAULT NULL COMMENT '产品表id 外键',
  `type` varchar(255) CHARACTER SET utf8mb4 COLLATE utf8mb4_0900_ai_ci DEFAULT NULL COMMENT '产品单个说明，详情说明',
  `imgUrl` varchar(40) CHARACTER SET utf8mb4 COLLATE utf8mb4_0900_ai_ci DEFAULT NULL COMMENT '商品图片',
  PRIMARY KEY (`id`) USING BTREE
) ENGINE=InnoDB AUTO_INCREMENT=223 DEFAULT CHARSET=utf8mb4 COLLATE=utf8mb4_0900_ai_ci ROW_FORMAT=DYNAMIC COMMENT='产品图片表';

/*Data for the table `productimage` */

insert  into `productimage`(`id`,`pid`,`type`,`imgUrl`) values (1,121,'车厘子就是英语单词cherry（樱桃）的音译，它在广东及香港被直译做“车厘子”又名楔荆桃、含桃、朱樱、乐桃、表桃、梅桃、荆桃、崖蜜等。但它不是指个小色红皮薄的中国樱桃，而是产于美国、加拿大、智利等美洲国家的个大皮厚的樱桃。中国也有车厘子果树的引种，不过还没有形成规模。','product1.jpg'),(2,169,'京秀西瓜早熟，果实发育期26-28天，全生育期85-90天。植株生长势强，果实椭圆形，周正美观.绿色，有锯齿形窄条带。平均果重1.5—2.0千克，产量2500-3000千克/亩。果实剖面均一.无空心、无白筋;瓜瓤红色.肉质脆嫩，口感好，风味佳，少子。','product2.jpg'),(3,24,'甜橙果一般为圆形,红肉脐橙果实性状,红肉脐橙果实性状，橙色，果顶无脐，或间有圈印。是甜橙中数量最多的种类','product3.jpg'),(4,259,'西兰花，俗称青花菜。原产意大利，是常见蔬菜。通称绿花菜，也被称为西兰花。二年生草本植物，是甘蓝的一种变种。叶子大，主茎顶端形成肥大的花球，绿色或紫绿色，表面的小花蕾不密集在一起，侧枝的顶端各生小花球。','product4.jpg'),(5,124,'猕猴桃的质地柔软，口感酸甜。味道被描述为草莓、香蕉、菠萝三者的混合。猕猴桃除含有猕猴桃碱、蛋白水解酶、单宁果胶和糖类等有机物，以及钙、钾、硒、锌、锗等微量元素和人体所需17种氨基酸外，还含有丰富的维生素C、葡萄酸、果糖、柠檬酸、苹果酸、脂肪','product5.jpg'),(6,151,'芒果为著名热带水果之一，芒果果实含有糖、蛋白质、粗纤维，芒果所含有的维生素A的前体胡萝卜素成分特别高，是所有水果中少见的。其次维生素C含量也不低。矿物质、蛋白质、脂肪、糖类等，也是其主要营养成分。可制果汁、果酱、罐头、腌渍、酸辣泡菜及芒果奶粉、蜜饯等。','product6.jpg'),(7,158,'广布非洲热带。中国云南元江引种站有大面积栽培。种仁富含脂肪、为重要食用油及重要的工矿用油，又可制人造黄油及肥皂。牛油果的果实是一种营养价值很高的水果，含多种维生素、丰富的脂肪酸和蛋白质和高含量的钠、钾、镁、钙等元素，营养价值可与奶油媲美，甚至有“森林奶油”的美称，一般作为生果食用，也可被制作为菜肴和罐头。','product7.jpg'),(8,153,'蛇果，其实与蛇一点关系没有，它被音译为“红地厘蛇果”后面就演变成蛇果了，果实大，果实圆锥形，平均单果重200g，大者可达500g以上。果肉黄白色，肉质脆，质中粗，较脆，果汁多，味甜，可溶性固形物14%，有浓郁的芳香，品质上等。具有生津开胃，消痰止咳，退热解毒，补脑养血，安眠养神，润肺悦心，和脾益气，润肠止泻，帮助消化等功效','product8.jpg'),(9,156,'花牛苹果，甘肃省天水市特产。系指产于该市大部分地区的元帅系优良品种苹果，为中国国家地理标志产品。产品肉质细，致密，松脆，汁液多，风味独特，香气浓郁，口感好，品质上。被许多中外专家和营销商认可为与美国蛇果、日本富士齐名的世界三大著名苹果品牌。是中国在国际市场上第一个获得正式商标的苹果品牌。','product9.jpg'),(10,261,'彩椒是甜椒中的一种，因其色彩鲜艳，多色多彩而得其名。在生物上属于杂交植物。新鲜的彩椒大小均匀，色泽鲜亮，闻起来具有瓜果的香味，而劣质的彩椒大小不一，色泽较为暗淡，没有瓜果香味。','product10.jpg'),(11,262,'樱桃（学名：Cerasus pseudocerasus），是某些李属类植物的统称，包括樱桃亚属、酸樱桃亚属、桂樱亚属等。乔木，高2-6米，树皮灰白色。小枝灰褐色，嫩枝绿色，无毛或被疏柔毛。冬芽卵形，无毛。','product11.jpg'),(12,263,'石榴：性味甘、酸涩、温，具有杀虫、收敛、涩肠、止痢等功效。石榴果实营养丰富，维生素C含量比苹果、梨要高出一二倍。针状枝，叶呈倒卵形或椭圆形，无毛。夏季开花，多为橙色，亦有黄色和白色。浆果近球形，秋季成熟。外种皮肉质半透明，多汁；内种皮革质。','product12.jpg'),(13,264,'蓝莓果实中含有丰富的营养成分，具有防止脑神经老化、保护视力、强心、抗癌、软化血管、增强人机体免疫等功能，营养成分高。','product13.jpg'),(14,51,'水果萝卜，又称沙窝张家萝卜，在我国有80多个地方品种资源，分布于全国各地，其中以山东、安徽、河北等地品种资源较为丰富。目前栽培面积较大，品质优良，具有一定产业规模的主要有天津卫青萝卜、北京心里美萝卜、山东潍县萝卜、江苏如皋萝卜等。可以生食、炒食或腌渍，风味独特，是优质无公害蔬菜，深受消费者欢迎。','product14.jpg'),(16,14,'胡萝卜（学名：Daucus carota L. var. sativa Hoffm.），又称红萝卜或甘荀，为野胡萝卜（学名：Daucus carota L. var. carota）的变种，本变种与原变种区别在于根肉质，长圆锥形，粗肥，呈红色或黄色。根作蔬菜食用。并含多种维生素甲、乙、丙及胡萝卜素。','product16.jpg'),(17,265,'果可供蔬食。根、茎、叶入药，为收敛剂，有利尿之效，叶也可以作麻醉剂。种子为消肿药，也用为刺激剂，但容易引起胃弱及便秘，果生食可解食菌中毒。','product17.jpg'),(18,266,'紫甘蓝又称红甘蓝、紫洋白菜或紫茴子白，俗称紫包菜，十字花科、芸薹属甘蓝种中的一个变种，结球甘蓝中的一个类型。由于外叶和叶球呈紫红色，故称为紫甘蓝，也叫紫圆白菜。','product18.jpg'),(19,12,'白菜（学名：Brassica pekinensis (Lour.) Rupr. ）是字花科，十芸苔属二年生草本，高可达60厘米，全株无毛，基生叶多数，大形，倒卵状长圆形至宽倒卵形，顶端圆钝，边缘皱缩，波状，叶柄白色，扁平，花鲜黄色，萼片长圆形或卵状披针形，直立，淡绿色至黄色；','product19.jpg'),(20,267,'新疆绿葡萄干碧绿晶莹，形似纺缍，颗粒均匀。皮薄无核，果粒饱满，肉质细软，酸甜适口，滋味鲜美，香气馥郁，风味独特。营养丰富。无农药残留。并且利于携带和贮藏','product20.jpg'),(21,161,'脆柿又名恭城月柿、恭城水柿、米果、猴枣。产于广西恭城、平乐、阳朔县一带。果重大，重160~250克，大果重400~500克，扁圆形，金黄色，果项广平，项点稍凹陷，微有十字沟，不明显，蒂小，萼片上卷。树冠稍低矮，枝较短，叶有波状皱纹。是广西传统出口创汇的名优产品之一','product21.jpg'),(22,268,'洋葱本身含有的微量元素硒，是很强的抗氧化剂，能够增强细胞的活力，延缓衰老。而紫色洋葱的表皮中还含有花青素，具有很好的抗衰老功能。','product22.jpg'),(23,269,'凤梨与菠萝在生物学上是同一种水果。 [2]  市场上，凤梨与菠萝为不同品种水果：菠萝削皮后有“内刺”需要剔除；而凤梨消掉外皮后没有“内刺”，不需要刀到划出一道道沟。','product23.jpg'),(24,270,'香蕉（学名：Musa nana Lour.）芭蕉科芭蕉属植物，又指其果实，热带地区广泛种植。香蕉味香、富含营养，植株为大型草本，从根状茎发出，由叶鞘下部形成高3～6公尺(10～20尺)的假杆；叶长圆形至椭圆形，有的长达3～3.5公尺(10～11.5尺)，宽65公分(26寸)，10～20枚簇生茎顶','product24.jpg'),(25,213,'木瓜鲜美兼具食疗作用，尤其对女性更有美容功效。木瓜所含的蛋白分解酵素，可以补偿胰和肠道的分泌，补充胃液的不足，有助于分解蛋白质和淀粉。木瓜含有胡萝卜素和丰富的维生素C，它们有很强的抗氧化能力，帮助机体修复组织，消除有毒物质，增强人体免疫力，帮助机体抵抗包括甲流在内的病毒侵袭。木瓜果实中的有效成分能提高吞噬细胞的功效。','product25.jpg'),(80,28,'小白菜可煮食或炒食，亦可做成菜汤或者凉拌食用。小白菜所含营养价值成分与白菜相近似，它含有蛋白质、脂肪、糖类、膳食纤维、钙、磷、铁、胡萝卜素、维生素B1、维生素B2、烟酸、维生素C等。其中钙的含量较高，几乎等于白菜含量的2～3倍。','baicai.jpg'),(81,37,'花椰菜，又称花菜、菜花或椰菜花，是一种十字花科蔬菜，为甘蓝的变种。花椰菜的头部为白色花序，与西兰花的头部类似。花椰菜富含维生素B群、C群。这些成分属于水溶性，易受热分解而流失，所以煮花椰菜不宜高温烹调，也不适合水煮。','baicaihua.jpg'),(82,50,'百合，学名（Lilium brownii var. viridulum Baker）又名强蜀、番韭、山丹、倒仙、重迈、中庭、摩罗、重箱、中逢花、百合蒜、大师傅蒜、蒜脑薯、夜合花等，是百合科百合属（学名：Lilium）多年生草本球根植物，','bailuobo.jpg'),(83,245,'百香果，又叫鸡蛋果、爱情果，学名：西番莲，拉丁文名：Passiflora edulis Sims.。西番莲科、西番莲属草质藤本，茎具细条纹，无毛。','baixiangguogan.jpg'),(84,157,'原产南美洲。中国华南各地栽培，常见有逸为野生种，北达四川西南部的安宁河谷，生于荒地或低丘陵上；果供食用；叶含挥发油及鞣质等，供药用，有止痢、止血、健胃等功效；叶经煮沸去掉鞣质，晒干作茶叶用，味甘，有清热作用。','bale.jpg'),(85,20,'又名： 栗（通称），板栗（事类合璧），魁栗（河北等省），毛栗（河南），风栗（广东），素有“干果之王”的美誉，在国外它还被称为“人参果”。板栗的分类地位是被子植物门 Angiospermae，双子叶植物.','banli.jpg'),(86,4,'鲍家村地处黄河冲积平原，海拔25米，地势平坦，土质肥沃，气温平均12.8℃ ，常年降雨量570－630毫米，多集中在夏季。土质属白沙混合粘土，富含锌、铜、鉄、锰、碘、钙、镁、钠等矿物质','baoqin.jpg'),(94,43,NULL,'dafanqie.jpg'),(96,125,'大樱桃是一种蔷薇科、李属植物，我国北方落叶果树中继中国樱桃之后果实成熟最早的果树树种。中医药学认为，大樱桃具有调中补气，祛风湿的功能。','dayingtao.jpg'),(98,174,'冬枣(亦称雁来红、苹果枣、冰糖枣、黄骅冬枣、庙上冬枣、沾化冬枣)是鲁北地区的一个优质晚熟鲜食品种。冬枣属于鼠李科，枣属。是无刺枣树的一个晚熟鲜食优良品种。分布于山西、河北、山东等地。','dongzao.jpg'),(99,33,'豆芽菜包括黄豆芽、绿豆芽、小豆芽等，又称如意菜。食用豆芽始于宋朝，豆芽与笋、菌并列为素食鲜味三霸。豆芽含有丰富的维生素C、维生素E、叶绿素等营养成份，具有养颜预防肿瘤的功效。','douyacai.jpg'),(100,253,'聚合果大，宿存萼片直立，紧贴于果实；瘦果尖卵形，光滑。原产南美，中国各地及欧洲等地广为栽培。草莓营养价值高，含有多种营养物质 ，且有保健功效。','falancaomei.jpg'),(101,164,'原产南美洲。中国华南各地栽培，常见有逸为野生种，北达四川西南部的安宁河谷，生于荒地或低丘陵上；果供食用；叶含挥发油及鞣质等，供药用，有止痢、止血、健胃等功效；叶经煮沸去掉鞣质，晒干作茶叶用，味甘，有清热作用。','fanshiliu.jpg'),(102,231,'凤梨（学名：Ananas comosus (Linn.) Merr.），茎短。叶多数，莲座式排列，剑形，顶端渐尖，全缘或有锐齿，腹面绿色，背面粉绿色，边缘和顶端常带褐红色，生于花序顶部的叶变小，常呈红色。花序于叶丛中抽出，状如松球；苞片基部绿色，上半部淡红色，三角状卵形；','fengligan.jpg'),(104,251,'干果礼盒 , 干果礼盒 , 团购特惠 , 企业发福利 , 好时好礼触屏版 , 销量累计突破500万张 , 世界500强都选择的礼品卡 , 支持货到付款 ,','ganguolibao.jpg'),(105,172,'甘蔗是温带和热带农作物，是制造蔗糖的原料，且可提炼乙醇作为能源替代品。全世界有一百多个国家出产甘蔗，最大的甘蔗生产国是巴西、印度和中国。甘蔗中含有丰富的糖分、水分，还含有对人体新陈代谢非常有益的各种维生素、脂肪、蛋白质、有机酸、钙、铁等物质，主要用于制糖，表皮一般为紫色和绿色两种常见颜色，也有红色和褐色，但比较少见。','ganzhe.jpg'),(107,224,'经脱水的蔬菜加工品，含水量低，能有效地抑制微生物活动和组织内酶的活性，因此延长了保存期，又缩小了体积，减轻了重量，方便贮运。','guoshugan.jpg'),(110,30,'蒿子秆，在中国的南北各地都能够见到，由于它的花很像野菊，所以又叫菊花菜，在中国台湾叫打某菜。常吃这个蒿子秆能通便排毒，消食开胃。除此之外，研究发现，每100克蒿子秆里含有的矿物质钾高达450毫克。钾，可以利尿，使人的血管内容量不至过高，同时还能通过高血钾对离子的平衡，使血管壁保持松弛状态。','haozigan.jpg'),(113,36,'荷兰豆圆身的又称蜜糖豆或蜜豆（Sugar snap peas），扁身的称为青豆或荷兰豆(Snow pea)，还有小寒豆、淮豆、麻豆、青小豆、留豆、金豆、回回豆、麦豌豆、麦豆、毕豆、麻累、国豆、软荚豌豆、带荚豌豆、甜豆、荷仁豆、青斑、菜豌豆等多种名字。可用来食用。','helandou.jpg'),(114,27,'水果黄瓜，属葫芦科，一年生蔓生植物，瓜长12—15厘米，直径约3厘米，它一般表皮上没有刺，而且口味甘甜，主要用来生食。作为一种新菜品，水果黄瓜一面世，就受到了市场的欢迎。','helanhuanggua.jpg'),(115,123,'红富士是从普通富士的芽（枝）变中选育出的着色系富士的统称。富士苹果是日本农林水产省果树试验场盛冈分场于1939年以国光为母本，元帅为父本进行杂交。','pingguo2.jpg'),(116,149,'红心火龙果是仙人掌科量天尺属多年生蔓性植物，是一种新兴的有良好保健功效的水果，原产于西半球赤道附近，中美洲热带雨林地区。是一种长寿植物，自然环境下可成活几十年乃至上百年。因其含有的独特成份，对人体有绝佳的保健功效。','hongxinhuolongguo.jpg'),(118,40,'洋葱含有前列腺素A，能降低外周血管阻力，降低血黏度，可用于降低血压、提神醒脑、缓解压力、预防感冒。此外，洋葱还能清除体内氧自由基，增强新陈代谢能力，抗衰老，预防骨质疏松，是适合中老年人的保健食物。','hongyangcong.jpg'),(120,49,'原产中国，中国各地均有栽培，亦广泛栽培于世界各地。大豆是中国重要粮食作物之一，已有五千年栽培历史，古称菽，中国东北为主产区，是一种其种子含有丰富植物蛋白质的作物。大豆最常用来做各种豆制品、榨取豆油、 酿造酱油和提取蛋白质。','huangdou.jpg'),(121,249,'黄桃又称黄肉桃，属于蔷薇科桃属，因肉为黄色而得名。常吃可起到通便、降血糖血脂、抗自由基、祛除黑斑、延缓衰老、提高免疫力等作用，也能促进食欲，堪称保健水果、养生之桃。','huangtaoguogan.jpg'),(123,230,'黄桃又称黄肉桃，属于蔷薇科桃属，因肉为黄色而得名。常吃可起到通便、降血糖血脂、抗自由基、祛除黑斑、延缓衰老、提高免疫力等作用，也能促进食欲，堪称保健水果、养生之桃。','huangtaogan.jpg'),(128,152,'赏其叶花、果，或专为生产果实制作桔饼者，盆栽后精细管理，繁殖用嫁接法，砧木用枸桔或柑桔类实生苗。一株可以结10个以上的金黄小桔，新春佳节一般出口香港地区，很受香港人欢迎。','jinjv.jpg'),(129,150,'黄金奇异果是新西兰的新国宝。光滑、古铜色的外皮，金黄色的果肉，香甜多汁。富含维生素及矿物质。也就是我们常说的猕猴桃的一种。它的营养价值很高。','jinqiyiguo.jpg'),(130,2,'韭菜，（学名：A. tuberosum Rottl. ex Spreng.）别名：丰本、草钟乳、起阳草、懒人菜、长生韭、壮阳草、扁菜等；属百合科多年生草本植物，具特殊强烈气味，根茎横卧，鳞茎狭圆锥形，簇生；鳞式外皮黄褐色，网状纤维质；叶基生，条形，扁平；伞形花序，顶生。','jiucai.jpg'),(132,38,'据科学实验证实，栗子的营养丰富，果实中含糖和淀粉高达70.1%，蛋白质7%。此外，还含脂肪、钙、磷、铁、多种维他命和微量元素，特别是维他命C、B1和胡萝卜素的含量较一般干果都高栗子营养丰富，除富含淀粉外，含有单糖与双糖、胡罗卜素、硫胺素、核黄素、尼克酸、抗坏血酸、蛋白质、脂肪、无机盐类等营养物质。','liren.jpg'),(134,6,'罗马生菜是生菜的一种，类似于中国的结球生菜，只是在质感上，没有结球生菜那么清爽。罗马生菜食法同结球生菜相似，可以直接洗净后拌食，但是这种蔬菜不适合炒、炖、做汤。','luomashengcai.jpg'),(135,44,'未出土的呈白色称为白笋， 出土后呈绿色称为绿笋。即使生产地域不同，但不管是哪款芦笋品种，只要照到阳光就会变成绿芦笋，埋在土中或遮蔽阳光，就会让芦笋色泽偏白。','lusun.jpg'),(144,18,'奶白菜是一二年生草本植物，十字花科植物，原产于中国的南方，以广东栽培较多。奶白菜是不结球白菜（普通白菜、小白菜、青菜、油菜）中的一个株型中矮肥、叶柄宽厚的一个种类。浅根作物，须根发达，再生力强，适于育苗移栽。株型矮，株高约20～22厘米，开展度大，约25～27厘米。','naibaicai.jpg'),(149,52,'笋是竹子初从土里长出的嫩芽，味鲜美，可以做菜。竹为质化植物，食用部分为初生、嫩肥、短壮的芽或鞭。','nisun.jpg'),(152,220,'葡萄干（英文名称：raisin）是在日光下晒干或在阴影下晾干的葡萄的果实。葡萄又名草龙珠。主产新疆、甘肃，陕西、河北、山东等地。夏末秋初采收，鲜用或干燥备用。','putaogan.jpg'),(153,258,'好像在坚果的世界里，从来没有一种品类能像瓜子一样，一直纯在八卦尬聊现场，甚至是征服了中华民族让其长久且专一的保持着对它深深的迷恋，并成功的晋升成为“国民第一零食”。','qiaqia.jpg'),(154,32,'青萝卜是中国萝卜中的绿皮萝卜，青除埋入土里部分其他部分通体全绿，味道脆甜。青萝卜包括：沙窝萝卜、葛沽萝卜、翘头青萝卜、露头青萝卜等。','qingluobo.jpg'),(156,175,'青枣，是一种热带、亚热带水果。果实营养丰富，脆甜可口，含有大量维生素C、钙、磷、维生素B、胡萝卜素等，素有“维生素丸”之称，有“日食三枣，长生不老”之说。青枣由于其果形优美而具苹果、梨、枣的风味，台湾青枣也享有\"热带小苹果\"的美誉。','qingzao.jpg'),(158,243,'秋葵脆是采用新鲜黄秋葵，以台湾先进技艺制成的健康果蔬脆片（黄秋葵干）。产品保持了黄秋葵本身的形态，色泽及大部的的营养，口感香脆，低热量、高纤维，是一款符合现代健康绿色消费理念的食品。','qiukuicui.jpg'),(162,35,'蔬菜沙拉在俄罗斯是一种很常见的食品，蔬菜沙拉不仅美味，还对身体有好处，尤其是那些想减肥的朋友们，沙拉绝对是一道健康食品。','shalacai.jpg'),(166,170,'沙糖桔是荔浦县、西林县、郁南县、德庆、怀集、广宁、四会、封开传统土特产，又 并被《羊城晚报》誉称“一枝独秀”。沙糖桔果实扁圆形，顶部有瘤状突起，蒂脐端凹陷，色泽橙黄，裹壁薄，易剥离。','shatangjv.jpg'),(168,21,'圣女果，常被称为小西红柿，中文正式名称为樱桃番茄，是一年生草本植物，属茄科番茄属。植株最高时能长到2米。具有生津止渴、健胃消食、清热解毒、凉血平肝，补血养血和增进食欲的功效。','shengnvguo.jpg'),(170,171,'柿子饼又称柿饼，是柿子作成的饼状食品，是中国著名的传统小吃。营养价值很高，所含维生素和糖分比一般水果高1～2倍左右。柿饼风干后表面呈现白色物质为柿霜，主要成分果糖。','shibing.jpg'),(171,26,'据国际物质粮农组织1990年统计，人体必需的VC的90%、VA的60%来自蔬菜。此外，蔬菜中还有多种多样的植物化学物质，是人们公认的对健康有效的成分，目前果蔬中的营养素可以有效预防慢性、退行性疾病的多种物质，正在被人们研究发现。','shucai1.jpg'),(172,42,'据国际物质粮农组织1990年统计，人体必需的VC的90%、VA的60%来自蔬菜。此外，蔬菜中还有多种多样的植物化学物质，是人们公认的对健康有效的成分，目前果蔬中的营养素可以有效预防慢性、退行性疾病的多种物质，正在被人们研究发现','shucaiding.jpg'),(174,45,'水果玉米是适合生吃的一种超甜玉米，青棒阶段皮薄、汁多、质脆而甜，可直接生吃，薄薄的表皮一咬就破，清香的汁液溢满齿颊，生吃熟吃都特别甜、特别脆，像水果一样，因此被称为“水果玉米”。 水果玉米有很多品种，都具有非常高的营养价值。','shuiguoyvmi.jpg'),(175,240,'柠檬片的作用及功效：柠檬中含有糖类、钙、磷、铁及维生素B1、B2、C等多种营养成分，此外，还有丰富的柠檬酸和黄酮类、挥发油、橙皮甙等。柠檬酸具有防止和消除皮肤色素沉着的作用。我国中医认为，柠檬性温、味苦、无毒，具有止渴生津、祛暑安胎、疏滞、健胃、止痛等功能利尿，调剂血管通透性','shuijingningmeng.jpg'),(176,23,'蒜薹（蒜苔），又称蒜毫，南方部分地区称之为蒜苗。它是从大蒜中抽出的花茎，人们喜欢吃的蔬菜之一。蒜薹在我国分布广泛，南北各地均有种植，是我国蔬菜冷藏业中贮量最大、贮期最长的蔬菜品种之一。','suantai.jpg'),(181,22,'莴笋（学名：Lactuca sativa L.var. angustanaIrish.）又称莴苣，菊科莴苣属莴苣种能形成肉质嫩茎的变种，一二年生草本植物。别名茎用莴苣、莴苣笋、青笋、莴菜。产期：1-4月。莴苣原产地在地中海沿岸，大约在五世纪传入中国。','wosun.jpg'),(184,8,'茎叶作蔬菜和调香料，并有健胃消食作用；果实可提芳香油；种子含油约20%；果入药，有驱风、透疹、健胃、祛痰之效。','xiangcai.jpg'),(185,248,'香菇,又名花菇、香蕈、香信、香菌、冬菇、香菰，为侧耳科植物香蕈的子实体。香菇是世界第二大 [1]  食用菌，也是我国特产之一，在民间素有“山珍”之称。它是一种生长在木材上的真菌。','xianggucui.jpg'),(186,226,'香蕉干是将香蕉去皮，切成片后的干货，易于储藏和食用。香蕉干就是我们常说的香蕉片，是一种很受欢迎的小零食。香蕉干主要以广西栽培主要香蕉品种——那龙蕉为原料，采取热风干燥加工法制成。','xiangjiaopian.jpg'),(187,155,'香梨具有多种功效，其中包括能保护心脏，减轻疲劳，增强心肌活力，降低血压；另外， 梨所含的配糖体及鞣酸等成分，能祛痰止咳。消热解暑，滋阴养人。','xiangli.jpg'),(189,163,NULL,'xianrenguo.jpg'),(192,31,'水芹菜中富含多种维生素和无机盐类，其中以钙、磷、铁等含量较高，具有清洁人的血液，降低人的血压和血脂等功效，既是食用又是药用的高档无公害草本蔬菜。','xiaoqincai.jpg'),(193,16,'西红柿，学名叫番茄，是茄科番茄属中以成熟多汁浆果为产品的草本植物。我国栽培的番茄是从国外引种的，果实多为红色，样子像柿子，故俗称西红柿，洋柿子，古代也有叫六月柿、喜极三元等。花果期夏秋季。它既含有丰富多样的营养，又有着美观迷人的外形；','xihongshi.jpg'),(194,19,'原产北美洲南部，中国于19世纪中叶开始从欧洲引入栽培，世界各地均有分布。西葫芦含有较多维生素C、葡萄糖等营养物质，具有除烦止渴、润肺止咳、清热利尿、消肿散结的功效。果实作蔬菜。','xihulu.jpg'),(195,237,'和田杏干采用新疆和田特有气候天然晾制而成，口味独特、老少皆宜、口感舒适，只要您吃过天然正宗的特产，就会得到您的好评，是居家零食、招待客人、旅游，馈赠亲朋好友之理想佳品。','xingan.jpg'),(196,17,'西芹，伞形科植物，它既不是根菜，也不属于粘滑食物，它营养丰富，富含蛋白质、碳水化合物、矿物质及多种维生素等营养物质， 西芹从国外引入，已广泛栽培并深受百姓喜爱的，叶柄宽厚，单株叶片数多，重量大，可达1Kg以上。西芹和本芹（中国芹菜）具有相同的营养价值','xiqin.jpg'),(197,160,'雪莲果，菊薯的别称，在中国四川被称作“万根苕”，是一种菊科多年生草本植物，原产于南美洲的安地斯山脉。安地斯山脉的居民栽种这种植物做为根茎类蔬菜食用，菊薯的块根含有丰富的水分与果寡糖，尝起来既甜又脆，也可以当做水果食用。在台湾的市场里，商贩以“地下水果”或“天山雪莲”的名称','xvelianguo.jpg'),(200,41,'顶叶绿色，叶绿色，叶片心脏形，叶脉浅紫，柄基及蔓均为绿色，蔓长中等，生长势较强，结薯集中整齐，薯形整齐美观，薯块纺锤形，薯皮鲜红色，薯肉桔红色，食味中上，商品性好。平均烘干率24.08%,总可溶性糖4.11%,还原糖2.63%,胡萝卜素5.05毫克/100克鲜薯。中抗至抗根腐病，抗黑斑病，不抗茎线虫病。','yanshu.jpg'),(201,5,'主要分布在安徽、河南、四川等地。油菜营养丰富，其中维生素C含量很高。油菜一般生长在气候相对湿润的地方，譬如中国的南方。油菜也有许多用处，比如油菜花在含苞未放的时候可以食用；油菜花盛开时也是一道亮丽的风景线（中国陕西的汉中市就有一片油菜花观赏旅游区）；花朵凋谢后，油菜籽可以榨油。','youcai.jpg'),(202,7,'油麦菜，别名莜麦菜，属菊科、莴苣属植物，是以嫩梢、嫩叶为产品的尖叶型叶用莴苣，叶片呈长披针形，色泽淡绿、质地脆嫩，口感极为鲜嫩、清香、具有独特风味，含有大量维生素A、维生素B1、维生素B2和大量钙、铁等营养成分，是生食蔬菜中的上品，有“凤尾”之称。','youmaicai.jpg'),(203,47,'中医认为芋头有开胃生津、消炎镇痛、补气益肾等功效，可治胃痛、痢疾、慢性肾炎等。根据营养分析，芋头含有醣类、膳食纤维、维生素B群、钾、钙、锌等，其中以膳食纤维和钾含量最多。','yvtou.jpg'),(204,53,'其富含蛋白质、淀粉、果胶、纤维素、氨基酸、维生素及多种矿物质，同时还富含硒元素和花青素。紫薯营养丰富具特殊保健功能，其中的蛋白质氨基酸都是极易被人体消化和吸收的。其中富含的维生素A可以改善视力和皮肤的粘膜上皮细胞，维生素C 可使胶元蛋白正常合成, 防治坏血病的发生, 花青素是天然强效自由基清除剂。','zishu.jpg'),(206,291,NULL,'ganguo5.jpg'),(207,292,NULL,'ganguo3.jpg'),(208,293,NULL,'ganguo2.jpg'),(209,294,NULL,'ganguo6.jpg'),(210,295,NULL,'ganguo10.jpg'),(211,-1,NULL,'guolan1.jpg'),(213,296,NULL,'guolan1.jpg'),(214,297,NULL,'guolan1.jpg'),(215,298,NULL,'guolan1.jpg'),(216,299,NULL,'guolan1.jpg'),(217,300,NULL,'guolan.jpg'),(218,301,NULL,'guolan.jpg'),(219,302,NULL,'guolan.jpg'),(220,303,NULL,'guolan.jpg'),(221,304,NULL,'guolan.jpg'),(222,305,NULL,'guolan.jpg');

/*Table structure for table `property` */

DROP TABLE IF EXISTS `property`;

CREATE TABLE `property` (
  `id` int(4) NOT NULL AUTO_INCREMENT,
  `pid` int(4) NOT NULL COMMENT '分类ID',
  `name` varchar(40) CHARACTER SET utf8mb4 COLLATE utf8mb4_0900_ai_ci NOT NULL COMMENT '属性名如大小',
  `value` varchar(40) CHARACTER SET utf8mb4 COLLATE utf8mb4_0900_ai_ci DEFAULT NULL COMMENT '属性值',
  PRIMARY KEY (`id`) USING BTREE
) ENGINE=InnoDB AUTO_INCREMENT=114 DEFAULT CHARSET=utf8mb4 COLLATE=utf8mb4_0900_ai_ci ROW_FORMAT=DYNAMIC COMMENT='属性表';

/*Data for the table `property` */

insert  into `property`(`id`,`pid`,`name`,`value`) values (1,1,'品牌','绿鲜知（greenseer）'),(2,1,'商品名称','绿鲜知菠菜'),(3,1,'商品编号','4116172'),(4,1,'商品毛重','400.00g'),(5,1,'分类','菠菜'),(6,1,'烹煮建议','火锅，炒菜，炖菜，蒸菜'),(7,2,'品牌',' By untouched/忠于原味'),(8,2,'系列','118116规格: 4斤'),(9,2,'装产地','中国大陆'),(10,2,'省份','山东省城市'),(11,2,'城市','莱芜市'),(12,2,'售卖方式',' 散装'),(13,3,'品牌','福瑜系列'),(14,3,'精品规格','精品'),(15,3,'产地','中国大陆'),(16,3,'省份','济南市'),(17,3,'包装方式','食用农产品'),(18,3,'售卖方式',' 产地直销'),(19,3,'品种',' 芹菜'),(20,3,' 净含量','3000g'),(21,4,'净含量','300g'),(22,4,'精品规格','精品'),(23,4,'包装方式','食用农产品'),(24,4,'品种','其他'),(25,4,'生鲜储存温度',' 0-8℃'),(26,4,'产地','中国大陆'),(27,4,'省份','北京'),(28,5,'产地',' 中国大陆'),(29,5,'省份','上海'),(30,5,'包装方式','食用农产品'),(31,5,'品种','生菜'),(32,5,'净含量','500g'),(33,6,'品牌','蟋蟀'),(34,6,'植物品种:','青菜'),(35,6,'种子类别',' 蔬菜种子 观叶种子 阳台专用'),(36,6,'播种季节','播种季节'),(37,6,'植物生长属性','一年生'),(38,6,'开花季节','春季 秋季'),(39,6,'包装方式',' 厂家封装'),(40,6,'是否进口','国产'),(41,6,'颜色分类','四季春香油麦20g装(更香嫩)'),(42,7,'品牌','旭之风'),(43,7,'颜色分类','香菜 约1500粒原装 香菜 250克'),(44,7,'包装方式','厂家直销'),(45,7,'是否进口','国产'),(46,7,'开花季节','春季'),(47,7,'植物品种','香菜'),(48,7,'种子类别','蔬菜种子香草种子'),(49,7,'播种季节',' 春季四季'),(50,7,'植物生长属性','二年生'),(51,7,'难易程度',' 简单'),(52,8,'品牌名称','旭耕'),(53,8,'厂名','烟台旭耕农业科技有限公司'),(54,8,'厂址','上海'),(55,8,'厂家联系方式','4006-053-583'),(56,8,'保质期','7 天'),(57,8,'包装方式',' 散装'),(58,8,'系列',' 蔬菜'),(59,8,'规格',' 500'),(60,8,'品种',' 青菜'),(61,8,'产地',' 中国大陆'),(62,8,'省份',' 上海'),(63,8,'净含量',' 1400g'),(64,9,'品牌名称','旭耕'),(65,9,'厂名','烟台旭耕农业科技有限公司'),(66,9,'厂址','上海'),(67,9,'厂家联系方式','4006-053-583'),(68,9,'保质期','7 天'),(69,9,'包装方式',' 散装'),(70,9,'系列',' 蔬菜'),(71,9,'规格',' 500'),(72,9,'品种',' 青菜'),(73,9,'产地',' 中国大陆'),(74,9,'省份',' 上海'),(75,9,'净含量',' 1400g'),(76,10,'厂名','郑州爱皙商贸有限公司'),(77,10,'厂址','郑州'),(78,10,'厂家联系方式','0371-55007667'),(79,10,'保质期','7 天'),(80,10,'品牌',' 净态'),(81,10,'产地',' 中国大陆'),(82,10,'省份',' 河南省'),(83,10,'城市',' 南阳'),(84,10,'市包装方式',' 散装'),(85,10,'售卖方式',' 产地直销'),(86,10,'套餐份量',' 3人'),(87,10,'份套餐周期',' 1周'),(88,10,'配送频次',' 1周2次'),(89,10,'净含量',' 4500g'),(90,10,'生鲜储存温度',' 15-18℃'),(91,11,'厂名','温县三羊农产品有限公司'),(92,11,'厂址','温县慈胜大街中段'),(93,11,'厂家联系方式','0391-6190058'),(94,11,'储藏方法','阴凉通风避光处'),(95,11,'保质期','90 天'),(96,11,'包装方式',' 散装'),(97,11,'产地',' 中国大陆'),(98,11,'省份',' 河南省'),(99,11,'城市',' 焦作市'),(100,11,'适用对象',' 全部适用'),(101,11,'特产品类',' 温县铁棍山药'),(102,11,'山药肉质',' 绵山药'),(103,11,'形状',' 扁山药'),(104,11,'品牌',' 怀品'),(105,11,'系列',' 新鲜山药'),(106,11,'规格',' 2500g'),(107,11,'净含量',' 2500g'),(108,264,'商品毛重','2.01kg'),(109,264,'商品毛重','2.01kg'),(110,264,'商品产地','智利'),(111,264,'国产/进口','进口'),(112,264,'份量','其他'),(113,264,'包装','简装');

/*Table structure for table `propertyvalue` */

DROP TABLE IF EXISTS `propertyvalue`;

CREATE TABLE `propertyvalue` (
  `id` int(4) NOT NULL AUTO_INCREMENT,
  `pid` int(4) NOT NULL COMMENT '产品表id外键',
  `ptid` int(4) NOT NULL COMMENT '属性表id外键',
  `type` varchar(40) CHARACTER SET utf8mb4 COLLATE utf8mb4_0900_ai_ci NOT NULL COMMENT '属性值',
  PRIMARY KEY (`id`) USING BTREE
) ENGINE=InnoDB DEFAULT CHARSET=utf8mb4 COLLATE=utf8mb4_0900_ai_ci ROW_FORMAT=DYNAMIC COMMENT='属性值表';

/*Data for the table `propertyvalue` */

/*Table structure for table `region` */

DROP TABLE IF EXISTS `region`;

CREATE TABLE `region` (
  `id` int(11) NOT NULL AUTO_INCREMENT COMMENT 'id',
  `name` varchar(50) CHARACTER SET utf8mb4 COLLATE utf8mb4_0900_ai_ci NOT NULL COMMENT '地区名',
  `parent_id` int(10) DEFAULT NULL COMMENT '地区父级id 0为省',
  PRIMARY KEY (`id`) USING BTREE
) ENGINE=InnoDB AUTO_INCREMENT=45149 DEFAULT CHARSET=utf8mb4 COLLATE=utf8mb4_0900_ai_ci ROW_FORMAT=DYNAMIC;

/*Data for the table `region` */

insert  into `region`(`id`,`name`,`parent_id`) values (1,'北京',0),(2,'天津',0),(3,'河北',0),(4,'山西',0),(5,'内蒙古',0),(6,'辽宁',0),(7,'吉林',0),(8,'黑龙江',0),(9,'上海',0),(10,'江苏',0),(11,'浙江',0),(12,'安徽',0),(13,'福建',0),(14,'江西',0),(15,'山东',0),(16,'河南',0),(17,'湖北',0),(18,'湖南',0),(19,'广东',0),(20,'广西',0),(21,'海南',0),(22,'重庆',0),(23,'四川',0),(24,'贵州',0),(25,'云南',0),(26,'西藏',0),(27,'陕西',0),(28,'甘肃',0),(29,'青海',0),(30,'宁夏',0),(31,'新疆',0),(32,'市辖区',1),(33,'市辖区',2),(375,'石家庄',3),(376,'唐山',3),(377,'秦皇岛',3),(378,'邯郸',3),(379,'邢台',3),(380,'保定',3),(381,'张家口',3),(382,'承德',3),(383,'沧州',3),(384,'廊坊',3),(385,'衡水',3),(386,'太原',4),(387,'大同',4),(388,'阳泉',4),(389,'长治',4),(390,'晋城',4),(391,'朔州',4),(392,'晋中',4),(393,'运城',4),(394,'忻州',4),(395,'临汾',4),(396,'吕梁',4),(397,'呼和浩特',5),(398,'包头',5),(399,'乌海',5),(400,'赤峰',5),(401,'通辽',5),(402,'鄂尔多斯',5),(403,'呼伦贝尔',5),(404,'巴彦淖尔',5),(405,'乌兰察布',5),(406,'兴安盟',5),(407,'锡林郭勒盟',5),(408,'阿拉善盟',5),(409,'沈阳',6),(410,'大连',6),(411,'鞍山',6),(412,'抚顺',6),(413,'本溪',6),(414,'丹东',6),(415,'锦州',6),(416,'营口',6),(417,'阜新',6),(418,'辽阳',6),(419,'盘锦',6),(420,'铁岭',6),(421,'朝阳',6),(422,'葫芦岛',6),(423,'长春',7),(424,'吉林',7),(425,'四平',7),(426,'辽源',7),(427,'通化',7),(428,'白山',7),(429,'松原',7),(430,'白城',7),(431,'延边朝鲜族',7),(432,'哈尔滨',8),(433,'齐齐哈尔',8),(434,'鸡西',8),(435,'鹤岗',8),(436,'双鸭山',8),(437,'大庆',8),(438,'伊春',8),(439,'佳木斯',8),(440,'七台河',8),(441,'牡丹江',8),(442,'黑河',8),(443,'绥化',8),(444,'大兴安岭地',8),(445,'市辖区',9),(446,'南京',10),(447,'无锡',10),(448,'徐州',10),(449,'常州',10),(450,'苏州',10),(451,'南通',10),(452,'连云港',10),(453,'淮安',10),(454,'盐城',10),(455,'扬州',10),(456,'镇江',10),(457,'泰州',10),(458,'宿迁',10),(459,'杭州',11),(460,'宁波',11),(461,'温州',11),(462,'嘉兴',11),(463,'湖州',11),(464,'绍兴',11),(465,'金华',11),(466,'衢州',11),(467,'舟山',11),(468,'台州',11),(469,'丽水',11),(470,'合肥',12),(471,'芜湖',12),(472,'蚌埠',12),(473,'淮南',12),(474,'马鞍山',12),(475,'淮北',12),(476,'铜陵',12),(477,'安庆',12),(478,'黄山',12),(479,'滁州',12),(480,'阜阳',12),(481,'宿州',12),(482,'六安',12),(483,'亳州',12),(484,'池州',12),(485,'宣城',12),(486,'福州',13),(487,'厦门',13),(488,'莆田',13),(489,'三明',13),(490,'泉州',13),(491,'漳州',13),(492,'南平',13),(493,'龙岩',13),(494,'宁德',13),(495,'南昌',14),(496,'景德镇',14),(497,'萍乡',14),(498,'九江',14),(499,'新余',14),(500,'鹰潭',14),(501,'赣州',14),(502,'吉安',14),(503,'宜春',14),(504,'抚州',14),(505,'上饶',14),(506,'济南',15),(507,'青岛',15),(508,'淄博',15),(509,'枣庄',15),(510,'东营',15),(511,'烟台',15),(512,'潍坊',15),(513,'济宁',15),(514,'泰安',15),(515,'威海',15),(516,'日照',15),(517,'莱芜',15),(518,'临沂',15),(519,'德州',15),(520,'聊城',15),(521,'滨州',15),(522,'菏泽',15),(523,'郑州',16),(524,'开封',16),(525,'洛阳',16),(526,'平顶山',16),(527,'安阳',16),(528,'鹤壁',16),(529,'新乡',16),(530,'焦作',16),(531,'濮阳',16),(532,'许昌',16),(533,'漯河',16),(534,'三门峡',16),(535,'南阳',16),(536,'商丘',16),(537,'信阳',16),(538,'周口',16),(539,'驻马店',16),(540,'省直辖区',16),(541,'武汉',17),(542,'黄石',17),(543,'十堰',17),(544,'宜昌',17),(545,'襄阳',17),(546,'鄂州',17),(547,'荆门',17),(548,'孝感',17),(549,'荆州',17),(550,'黄冈',17),(551,'咸宁',17),(552,'随州',17),(553,'恩施土家族',17),(554,'长沙',18),(555,'株洲',18),(556,'湘潭',18),(557,'衡阳',18),(558,'邵阳',18),(559,'岳阳',18),(560,'常德',18),(561,'张家界',18),(562,'益阳',18),(563,'郴州',18),(564,'永州',18),(565,'怀化',18),(566,'娄底',18),(567,'湘西土家族',18),(568,'广州',19),(569,'韶关',19),(570,'深圳',19),(571,'珠海',19),(572,'汕头',19),(573,'佛山',19),(574,'江门',19),(575,'湛江',19),(576,'茂名',19),(577,'肇庆',19),(578,'惠州',19),(579,'梅州',19),(580,'汕尾',19),(581,'河源',19),(582,'阳江',19),(583,'清远',19),(584,'东莞',19),(585,'中山',19),(586,'潮州',19),(587,'揭阳',19),(588,'云浮',19),(589,'南宁',20),(590,'柳州',20),(591,'桂林',20),(592,'梧州',20),(593,'北海',20),(594,'防城港',20),(595,'钦州',20),(596,'贵港',20),(597,'玉林',20),(598,'百色',20),(599,'贺州',20),(600,'河池',20),(601,'来宾',20),(602,'崇左',20),(603,'海口',21),(604,'三亚',21),(605,'三沙',21),(606,'儋州',21),(607,'县',22),(608,'成都',23),(609,'自贡',23),(610,'攀枝花',23),(611,'泸州',23),(612,'德阳',23),(613,'绵阳',23),(614,'广元',23),(615,'遂宁',23),(616,'内江',23),(617,'乐山',23),(618,'南充',23),(619,'眉山',23),(620,'宜宾',23),(621,'广安',23),(622,'达州',23),(623,'雅安',23),(624,'巴中',23),(625,'资阳',23),(626,'阿坝藏族',23),(627,'甘孜藏族',23),(628,'凉山彝族',23),(629,'贵阳',24),(630,'六盘水',24),(631,'遵义',24),(632,'安顺',24),(633,'毕节',24),(634,'铜仁',24),(635,'黔西南布',24),(636,'黔东南侗族',24),(637,'黔南布苗族',24),(638,'昆明',25),(639,'曲靖',25),(640,'玉溪',25),(641,'保山',25),(642,'昭通',25),(643,'丽江',25),(644,'普洱',25),(645,'临沧',25),(646,'楚雄彝族',25),(647,'红河哈尼族',25),(648,'文山壮族',25),(649,'西双版纳',25),(650,'大理白族',25),(651,'德宏傣族景',25),(652,'怒江傈僳族',25),(653,'迪庆藏族',25),(654,'拉萨',26),(655,'日喀则',26),(656,'昌都',26),(657,'林芝',26),(658,'山南',26),(659,'那曲地',26),(660,'阿里地',26),(661,'西安',27),(662,'铜川',27),(663,'宝鸡',27),(664,'咸阳',27),(665,'渭南',27),(666,'延安',27),(667,'汉中',27),(668,'榆林',27),(669,'安康',27),(670,'商洛',27),(671,'兰州',28),(672,'嘉峪关',28),(673,'金昌',28),(674,'白银',28),(675,'天水',28),(676,'武威',28),(677,'张掖',28),(678,'平凉',28),(679,'酒泉',28),(680,'庆阳',28),(681,'定西',28),(682,'陇南',28),(683,'临夏回族',28),(684,'甘南藏族',28),(685,'西宁',29),(686,'海东',29),(687,'海北藏族',29),(688,'黄南藏族',29),(689,'海南藏族',29),(690,'果洛藏族',29),(691,'玉树藏族',29),(692,'海西蒙古族',29),(693,'银川',30),(694,'石嘴山',30),(695,'吴忠',30),(696,'固原',30),(697,'中卫',30),(698,'乌鲁木齐',31),(699,'克拉玛依',31),(700,'吐鲁番',31),(701,'哈密',31),(702,'昌吉回族',31),(703,'博尔塔拉',31),(704,'巴音郭楞',31),(705,'阿克苏地',31),(706,'克孜勒',31),(707,'喀什地',31),(708,'和田地',31),(709,'伊犁哈萨克',31),(710,'塔城地',31),(711,'阿勒泰地',31),(712,'省直辖区',31),(713,'省直辖区',17),(714,'省直辖区',21),(715,'市辖区',22),(716,'东城',32),(717,'西城',32),(718,'朝阳',32),(719,'丰台',32),(720,'石景山',32),(721,'海淀',32),(722,'门头沟',32),(723,'房山',32),(724,'通州',32),(725,'顺义',32),(726,'昌平',32),(727,'大兴',32),(728,'怀柔',32),(729,'平谷',32),(730,'密云',32),(731,'延庆',32),(732,'和平',33),(733,'河东',33),(734,'河西',33),(735,'南开',33),(736,'河北',33),(737,'红桥',33),(738,'东丽',33),(739,'西青',33),(740,'津南',33),(741,'北辰',33),(742,'武清',33),(743,'宝坻',33),(744,'滨海新',33),(745,'宁河',33),(746,'静海',33),(747,'蓟州',33),(39216,'和平',33),(39217,'河东',33),(39218,'河西',33),(39219,'南开',33),(39220,'河北',33),(39221,'红桥',33),(39222,'东丽',33),(39223,'西青',33),(39224,'津南',33),(39225,'北辰',33),(39226,'武清',33),(39227,'宝坻',33),(39228,'滨海新',33),(39229,'宁河',33),(39230,'静海',33),(39231,'蓟州',33),(41966,'市辖区',375),(41967,'长安',375),(41968,'桥西',375),(41969,'新华',375),(41970,'井陉矿',375),(41971,'裕华',375),(41972,'藁城',375),(41973,'鹿泉',375),(41974,'栾城',375),(41975,'井陉县',375),(41976,'正定县',375),(41977,'行唐县',375),(41978,'灵寿县',375),(41979,'高邑县',375),(41980,'深泽县',375),(41981,'赞皇县',375),(41982,'无极县',375),(41983,'平山县',375),(41984,'元氏县',375),(41985,'赵县',375),(41986,'石家庄高新',375),(41987,'石家庄',375),(41988,'辛集',375),(41989,'晋州',375),(41990,'新乐',375),(41991,'市辖区',376),(41992,'路南',376),(41993,'路北',376),(41994,'古冶',376),(41995,'开平',376),(41996,'丰南',376),(41997,'丰润',376),(41998,'曹妃甸',376),(41999,'滦县',376),(42000,'滦南县',376),(42001,'乐亭县',376),(42002,'迁西县',376),(42003,'玉田县',376),(42004,'唐山市芦台',376),(42005,'唐山市',376),(42006,'唐山高新',376),(42007,'河北唐山',376),(42008,'遵化',376),(42009,'迁安',376),(42010,'市辖区',377),(42011,'海港',377),(42012,'山海关',377),(42013,'北戴河',377),(42014,'抚宁',377),(42015,'青龙满族',377),(42016,'昌黎县',377),(42017,'卢龙县',377),(42018,'秦皇岛市',377),(42019,'北戴河新',377),(42020,'市辖区',378),(42021,'邯山',378),(42022,'丛台',378),(42023,'复兴',378),(42024,'峰峰矿',378),(42025,'肥乡',378),(42026,'永年',378),(42027,'临漳县',378),(42028,'成安县',378),(42029,'大名县',378),(42030,'涉县',378),(42031,'磁县',378),(42032,'邱县',378),(42033,'鸡泽县',378),(42034,'广平县',378),(42035,'馆陶县',378),(42036,'魏县',378),(42037,'曲周县',378),(42038,'邯郸',378),(42039,'邯郸冀南新',378),(42040,'武安',378),(42041,'市辖区',379),(42042,'桥东',379),(42043,'桥西',379),(42044,'邢台县',379),(42045,'临城县',379),(42046,'内丘县',379),(42047,'柏乡县',379),(42048,'隆尧县',379),(42049,'任县',379),(42050,'南和县',379),(42051,'宁晋县',379),(42052,'巨鹿县',379),(42053,'新河县',379),(42054,'广宗县',379),(42055,'平乡县',379),(42056,'威县',379),(42057,'清河县',379),(42058,'临西县',379),(42059,'河北邢台',379),(42060,'南宫',379),(42061,'沙河',379),(42062,'市辖区',380),(42063,'竞秀',380),(42064,'莲池',380),(42065,'满城',380),(42066,'清苑',380),(42067,'徐水',380),(42068,'涞水县',380),(42069,'阜平县',380),(42070,'定兴县',380),(42071,'唐县',380),(42072,'高阳县',380),(42073,'容城县',380),(42074,'涞源县',380),(42075,'望都县',380),(42076,'安新县',380),(42077,'易县',380),(42078,'曲阳县',380),(42079,'蠡县',380),(42080,'顺平县',380),(42081,'博野县',380),(42082,'雄县',380),(42083,'保定高新',380),(42084,'保定白沟',380),(42085,'涿州',380),(42086,'定州',380),(42087,'安国',380),(42088,'高碑店',380),(42089,'市辖区',381),(42090,'桥东',381),(42091,'桥西',381),(42092,'宣化',381),(42093,'下花园',381),(42094,'万全',381),(42095,'崇礼',381),(42096,'张北县',381),(42097,'康保县',381),(42098,'沽源县',381),(42099,'尚义县',381),(42100,'蔚县',381),(42101,'阳原县',381),(42102,'怀安县',381),(42103,'怀来县',381),(42104,'涿鹿县',381),(42105,'赤城县',381),(42106,'张家口市',381),(42107,'张家口市',381),(42109,'市辖区',382),(42110,'双桥',382),(42111,'双滦',382),(42112,'鹰手营子矿',382),(42113,'承德县',382),(42114,'兴隆县',382),(42115,'滦平县',382),(42116,'隆化县',382),(42117,'丰宁满族',382),(42118,'宽城满族',382),(42119,'围场满族',382),(42120,'承德高新',382),(42121,'平泉',382),(42122,'市辖区',383),(42123,'新华',383),(42124,'运河',383),(42125,'沧县',383),(42126,'青县',383),(42127,'东光县',383),(42128,'海兴县',383),(42129,'盐山县',383),(42130,'肃宁县',383),(42131,'南皮县',383),(42132,'吴桥县',383),(42133,'献县',383),(42134,'孟村回族',383),(42135,'河北沧州',383),(42136,'沧州高新',383),(42137,'沧州渤海新',383),(42138,'泊头',383),(42139,'任丘',383),(42140,'黄骅',383),(42141,'河间',383),(42142,'市辖区',384),(42143,'安次',384),(42144,'广阳',384),(42145,'固安县',384),(42146,'永清县',384),(42147,'香河县',384),(42148,'大城县',384),(42149,'文安县',384),(42150,'大厂回族',384),(42151,'廊坊',384),(42152,'霸州',384),(42153,'三河',384),(42154,'市辖区',385),(42155,'桃城',385),(42156,'冀州',385),(42157,'枣强县',385),(42158,'武邑县',385),(42159,'武强县',385),(42160,'饶阳县',385),(42161,'安平县',385),(42162,'故城县',385),(42163,'景县',385),(42164,'阜城县',385),(42165,'河北衡水',385),(42166,'衡水滨湖新',385),(42167,'深州',385),(42168,'市辖区',386),(42169,'小店',386),(42170,'迎泽',386),(42171,'杏花岭',386),(42172,'尖草坪',386),(42173,'万柏林',386),(42174,'晋源',386),(42175,'清徐县',386),(42176,'阳曲县',386),(42177,'娄烦县',386),(42178,'山西',386),(42179,'古交',386),(42180,'市辖区',387),(42181,'城',387),(42182,'矿',387),(42183,'南郊',387),(42184,'新荣',387),(42185,'阳高县',387),(42186,'天镇县',387),(42187,'广灵县',387),(42188,'灵丘县',387),(42189,'浑源县',387),(42190,'左云县',387),(42191,'大同县',387),(42192,'山西大同',387),(42193,'市辖区',388),(42194,'城',388),(42195,'矿',388),(42196,'郊',388),(42197,'平定县',388),(42198,'盂县',388),(42199,'山西阳泉',388),(42200,'市辖区',389),(42201,'城',389),(42202,'郊',389),(42203,'长治县',389),(42204,'襄垣县',389),(42205,'屯留县',389),(42206,'平顺县',389),(42207,'黎城县',389),(42208,'壶关县',389),(42209,'长子县',389),(42210,'武乡县',389),(42211,'沁县',389),(42212,'沁源县',389),(42214,'潞城',389),(42215,'市辖区',390),(42216,'城',390),(42217,'沁水县',390),(42218,'阳城县',390),(42219,'陵川县',390),(42220,'泽州县',390),(42221,'高平',390),(42222,'市辖区',391),(42223,'朔城',391),(42224,'平鲁',391),(42225,'山阴县',391),(42226,'应县',391),(42227,'右玉县',391),(42228,'怀仁县',391),(42229,'山西朔州',391),(42230,'市辖区',392),(42231,'榆次',392),(42232,'榆社县',392),(42233,'左权县',392),(42234,'和顺县',392),(42235,'昔阳县',392),(42236,'寿阳县',392),(42237,'太谷县',392),(42238,'祁县',392),(42239,'平遥县',392),(42240,'灵石县',392),(42241,'介休',392),(42242,'市辖区',393),(42243,'盐湖',393),(42244,'临猗县',393),(42245,'万荣县',393),(42246,'闻喜县',393),(42247,'稷山县',393),(42248,'新绛县',393),(42249,'绛县',393),(42250,'垣曲县',393),(42251,'夏县',393),(42252,'平陆县',393),(42253,'芮城县',393),(42254,'永济',393),(42255,'河津',393),(42256,'市辖区',394),(42257,'忻府',394),(42258,'定襄县',394),(42259,'五台县',394),(42260,'代县',394),(42261,'繁峙县',394),(42262,'宁武县',394),(42263,'静乐县',394),(42264,'神池县',394),(42265,'五寨县',394),(42266,'岢岚县',394),(42267,'河曲县',394),(42268,'保德县',394),(42269,'偏关县',394),(42270,'五台山',394),(42271,'原平',394),(42272,'市辖区',395),(42273,'尧都',395),(42274,'曲沃县',395),(42275,'翼城县',395),(42276,'襄汾县',395),(42277,'洪洞县',395),(42278,'古县',395),(42279,'安泽县',395),(42280,'浮山县',395),(42281,'吉县',395),(42282,'乡宁县',395),(42283,'大宁县',395),(42284,'隰县',395),(42285,'永和县',395),(42286,'蒲县',395),(42287,'汾西县',395),(42288,'侯马',395),(42289,'霍州',395),(42290,'市辖区',396),(42291,'离石',396),(42292,'文水县',396),(42293,'交城县',396),(42294,'兴县',396),(42295,'临县',396),(42296,'柳林县',396),(42297,'石楼县',396),(42298,'岚县',396),(42299,'方山县',396),(42300,'中阳县',396),(42301,'交口县',396),(42302,'孝义',396),(42303,'汾阳',396),(42304,'市辖区',397),(42305,'新城',397),(42306,'回民',397),(42307,'玉泉',397),(42308,'赛罕',397),(42309,'土默特左旗',397),(42310,'托克托县',397),(42311,'和林格尔县',397),(42312,'清水河县',397),(42313,'武川县',397),(42314,'呼和浩特',397),(42315,'呼和浩特',397),(42316,'市辖区',398),(42317,'东河',398),(42318,'昆都仑',398),(42319,'青山',398),(42320,'石拐',398),(42321,'白云鄂博矿',398),(42322,'九原',398),(42323,'土默特右旗',398),(42324,'固阳县',398),(42325,'达尔罕茂明',398),(42326,'包头稀土高新',398),(42327,'市辖区',399),(42328,'海勃湾',399),(42329,'海南',399),(42330,'乌达',399),(42331,'市辖区',400),(42332,'红山',400),(42333,'元宝山',400),(42334,'松山',400),(42335,'阿鲁科尔沁旗',400),(42336,'巴林左旗',400),(42337,'巴林右旗',400),(42338,'林西县',400),(42339,'克什克腾旗',400),(42340,'翁牛特旗',400),(42341,'喀喇沁旗',400),(42342,'宁城县',400),(42343,'敖汉旗',400),(42344,'市辖区',401),(42345,'科尔沁',401),(42346,'科尔沁左翼',401),(42348,'开鲁县',401),(42349,'库伦旗',401),(42350,'奈曼旗',401),(42351,'扎鲁特旗',401),(42352,'通辽',401),(42353,'霍林郭勒',401),(42354,'市辖区',402),(42355,'东胜',402),(42356,'康巴什',402),(42357,'达拉特旗',402),(42358,'准格尔旗',402),(42359,'鄂托克前旗',402),(42360,'鄂托克旗',402),(42361,'杭锦旗',402),(42362,'乌审旗',402),(42363,'伊金霍洛旗',402),(42364,'市辖区',403),(42365,'海拉尔',403),(42366,'扎赉诺尔',403),(42367,'阿荣旗',403),(42368,'莫力达瓦达',403),(42369,'鄂伦春自治旗',403),(42370,'鄂温克族',403),(42371,'陈巴尔虎旗',403),(42372,'新巴尔虎左旗',403),(42373,'新巴尔虎右旗',403),(42374,'满洲里',403),(42375,'牙克石',403),(42376,'扎兰屯',403),(42377,'额尔古纳',403),(42378,'根河',403),(42379,'市辖区',404),(42380,'临河',404),(42381,'五原县',404),(42382,'磴口县',404),(42383,'乌拉特前旗',404),(42384,'乌拉特中旗',404),(42385,'乌拉特后旗',404),(42386,'杭锦后旗',404),(42387,'市辖区',405),(42388,'集宁',405),(42389,'卓资县',405),(42390,'化德县',405),(42391,'商都县',405),(42392,'兴和县',405),(42393,'凉城县',405),(42394,'察哈尔右翼',405),(42397,'四子王旗',405),(42398,'丰镇',405),(42399,'乌兰浩特',406),(42400,'阿尔山',406),(42403,'扎赉特旗',406),(42404,'突泉县',406),(42405,'二连浩特',407),(42406,'锡林浩特',407),(42407,'阿巴嘎旗',407),(42408,'苏尼特左旗',407),(42409,'苏尼特右旗',407),(42410,'沁旗',407),(42412,'太仆寺旗',407),(42413,'镶黄旗',407),(42414,'正镶白旗',407),(42415,'正蓝旗',407),(42416,'多伦县',407),(42417,'乌拉盖管委会',407),(42418,'市辖区',409),(42419,'和平',409),(42420,'沈河',409),(42421,'大东',409),(42422,'皇姑',409),(42423,'铁西',409),(42424,'苏家屯',409),(42425,'浑南',409),(42426,'沈北新',409),(42427,'于洪',409),(42428,'辽中',409),(42429,'康平县',409),(42430,'法库县',409),(42431,'新民',409),(42432,'市辖区',410),(42433,'中山',410),(42434,'西岗',410),(42435,'沙河口',410),(42436,'甘井子',410),(42437,'旅顺口',410),(42438,'金州',410),(42439,'普兰店',410),(42440,'长海县',410),(42441,'瓦房店',410),(42442,'庄河',410),(42443,'市辖区',411),(42444,'铁东',411),(42445,'铁西',411),(42446,'立山',411),(42447,'千山',411),(42448,'台安县',411),(42449,'岫岩满族',411),(42450,'海城',411),(42451,'市辖区',412),(42452,'新抚',412),(42453,'东洲',412),(42454,'望花',412),(42455,'顺城',412),(42456,'抚顺县',412),(42457,'新宾满族',412),(42458,'清原满族',412),(42459,'市辖区',413),(42460,'平山',413),(42461,'溪湖',413),(42462,'明山',413),(42463,'南芬',413),(42464,'本溪满族',413),(42465,'桓仁满族',413),(42466,'市辖区',414),(42467,'元宝',414),(42468,'振兴',414),(42469,'振安',414),(42470,'宽甸满族',414),(42471,'东港',414),(42472,'凤城',414),(42473,'市辖区',415),(42474,'古塔',415),(42475,'凌河',415),(42476,'太和',415),(42477,'黑山县',415),(42478,'义县',415),(42479,'凌海',415),(42480,'北镇',415),(42481,'市辖区',416),(42482,'站前',416),(42483,'西市',416),(42484,'鲅鱼圈',416),(42485,'老边',416),(42486,'盖州',416),(42487,'大石桥',416),(42488,'市辖区',417),(42489,'海州',417),(42490,'新邱',417),(42491,'太平',417),(42492,'清河门',417),(42493,'细河',417),(42494,'阜新蒙古族',417),(42495,'彰武县',417),(42496,'市辖区',418),(42497,'白塔',418),(42498,'文圣',418),(42499,'宏伟',418),(42500,'弓长岭',418),(42501,'太子河',418),(42502,'辽阳县',418),(42503,'灯塔',418),(42504,'市辖区',419),(42505,'双台子',419),(42506,'兴隆台',419),(42507,'大洼',419),(42508,'盘山县',419),(42509,'市辖区',423),(42510,'南关',423),(42511,'宽城',423),(42512,'朝阳',423),(42513,'二道',423),(42514,'绿园',423),(42515,'双阳',423),(42516,'九台',423),(42517,'农安县',423),(42518,'长春',423),(42519,'长春净月高新',423),(42520,'长春高新',423),(42521,'长春汽车',423),(42522,'榆树',423),(42523,'德惠',423),(42524,'市辖区',424),(42525,'昌邑',424),(42526,'龙潭',424),(42527,'船营',424),(42528,'丰满',424),(42529,'永吉县',424),(42530,'吉林',424),(42531,'吉林高新',424),(42532,'吉林',424),(42533,'蛟河',424),(42534,'桦甸',424),(42535,'舒兰',424),(42536,'磐石',424),(42537,'市辖区',425),(42538,'铁西',425),(42539,'铁东',425),(42540,'梨树县',425),(42541,'伊通满族',425),(42542,'公主岭',425),(42543,'双辽',425),(42544,'市辖区',426),(42545,'龙山',426),(42546,'西安',426),(42547,'东丰县',426),(42548,'东辽县',426),(42549,'市辖区',427),(42550,'东昌',427),(42551,'二道江',427),(42552,'通化县',427),(42553,'辉南县',427),(42554,'柳河县',427),(42555,'梅河口',427),(42556,'集安',427),(42557,'市辖区',428),(42558,'浑江',428),(42559,'江源',428),(42560,'抚松县',428),(42561,'靖宇县',428),(42562,'长白朝鲜族',428),(42563,'临江',428),(42564,'市辖区',429),(42565,'宁江',429),(42566,'前郭尔罗斯',429),(42567,'长岭县',429),(42568,'乾安县',429),(42569,'吉林松原',429),(42570,'扶余',429),(42571,'市辖区',430),(42572,'洮北',430),(42573,'镇赉县',430),(42574,'通榆县',430),(42575,'吉林白城',430),(42576,'洮南',430),(42577,'大安',430),(42578,'延吉',431),(42579,'图们',431),(42580,'敦化',431),(42581,'珲春',431),(42582,'龙井',431),(42583,'和龙',431),(42584,'汪清县',431),(42585,'安图县',431),(42586,'市辖区',432),(42587,'道里',432),(42588,'南岗',432),(42589,'道外',432),(42590,'平房',432),(42591,'松北',432),(42592,'香坊',432),(42593,'呼兰',432),(42594,'阿城',432),(42595,'双城',432),(42596,'依兰县',432),(42597,'方正县',432),(42598,'宾县',432),(42599,'巴彦县',432),(42600,'木兰县',432),(42601,'通河县',432),(42602,'延寿县',432),(42603,'尚志',432),(42604,'五常',432),(42605,'市辖区',433),(42606,'龙沙',433),(42607,'建华',433),(42608,'铁锋',433),(42609,'昂昂溪',433),(42610,'富拉尔基',433),(42611,'碾子山',433),(42612,'梅里斯达',433),(42613,'龙江县',433),(42614,'依安县',433),(42615,'泰来县',433),(42616,'甘南县',433),(42617,'富裕县',433),(42618,'克山县',433),(42619,'克东县',433),(42620,'拜泉县',433),(42621,'讷河',433),(42622,'市辖区',434),(42623,'鸡冠',434),(42624,'恒山',434),(42625,'滴道',434),(42626,'梨树',434),(42627,'城子河',434),(42628,'麻山',434),(42629,'鸡东县',434),(42630,'虎林',434),(42631,'密山',434),(42632,'市辖区',435),(42633,'向阳',435),(42634,'工农',435),(42635,'南山',435),(42636,'兴安',435),(42637,'东山',435),(42638,'兴山',435),(42639,'萝北县',435),(42640,'绥滨县',435),(42641,'市辖区',436),(42642,'尖山',436),(42643,'岭东',436),(42644,'四方台',436),(42645,'宝山',436),(42646,'集贤县',436),(42647,'友谊县',436),(42648,'宝清县',436),(42649,'饶河县',436),(42650,'市辖区',437),(42651,'萨尔图',437),(42652,'龙凤',437),(42653,'让胡路',437),(42654,'红岗',437),(42655,'大同',437),(42656,'肇州县',437),(42657,'肇源县',437),(42658,'林甸县',437),(42659,'杜尔伯特',437),(42660,'大庆高新',437),(42661,'市辖区',438),(42662,'伊春',438),(42663,'南岔',438),(42664,'友好',438),(42665,'西林',438),(42666,'翠峦',438),(42667,'新青',438),(42668,'美溪',438),(42669,'金山屯',438),(42670,'五营',438),(42671,'乌马河',438),(42672,'汤旺河',438),(42673,'带岭',438),(42674,'乌伊岭',438),(42675,'红星',438),(42676,'上甘岭',438),(42677,'嘉荫县',438),(42678,'铁力',438),(42679,'市辖区',439),(42680,'向阳',439),(42681,'前进',439),(42682,'东风',439),(42683,'郊',439),(42684,'桦南县',439),(42685,'桦川县',439),(42686,'汤原县',439),(42687,'同江',439),(42688,'富锦',439),(42689,'抚远',439),(42690,'市辖区',440),(42691,'新兴',440),(42692,'桃山',440),(42693,'茄子河',440),(42694,'勃利县',440),(42695,'市辖区',441),(42696,'东安',441),(42697,'阳明',441),(42698,'爱民',441),(42699,'西安',441),(42700,'林口县',441),(42701,'牡丹江',441),(42702,'绥芬河',441),(42703,'海林',441),(42704,'宁安',441),(42705,'穆棱',441),(42706,'东宁',441),(42707,'市辖区',442),(42708,'爱辉',442),(42709,'嫩江县',442),(42710,'逊克县',442),(42711,'孙吴县',442),(42712,'北安',442),(42713,'五大连池',442),(42714,'黄浦',445),(42715,'徐汇',445),(42716,'长宁',445),(42717,'静安',445),(42718,'普陀',445),(42719,'虹口',445),(42720,'杨浦',445),(42721,'闵行',445),(42722,'宝山',445),(42723,'嘉定',445),(42724,'浦东新',445),(42725,'金山',445),(42726,'松江',445),(42727,'青浦',445),(42728,'奉贤',445),(42729,'崇明',445),(42730,'市辖区',446),(42731,'玄武',446),(42732,'秦淮',446),(42733,'建邺',446),(42734,'鼓楼',446),(42735,'浦口',446),(42736,'栖霞',446),(42737,'雨花台',446),(42738,'江宁',446),(42739,'六合',446),(42740,'溧水',446),(42741,'高淳',446),(42742,'市辖区',447),(42743,'锡山',447),(42744,'惠山',447),(42745,'滨湖',447),(42746,'梁溪',447),(42747,'新吴',447),(42748,'江阴',447),(42749,'宜兴',447),(42750,'市辖区',448),(42751,'鼓楼',448),(42752,'云龙',448),(42753,'贾汪',448),(42754,'泉山',448),(42755,'铜山',448),(42756,'丰县',448),(42757,'沛县',448),(42758,'睢宁县',448),(42759,'徐州',448),(42760,'新沂',448),(42761,'邳州',448),(42762,'市辖区',449),(42763,'天宁',449),(42764,'钟楼',449),(42765,'新北',449),(42766,'武进',449),(42767,'金坛',449),(42768,'溧阳',449),(42769,'市辖区',450),(42770,'虎丘',450),(42771,'吴中',450),(42772,'相城',450),(42773,'姑苏',450),(42774,'吴江',450),(42775,'苏州',450),(42776,'常熟',450),(42777,'张家港',450),(42778,'昆山',450),(42779,'太仓',450),(42780,'市辖区',451),(42781,'崇川',451),(42782,'港闸',451),(42783,'通州',451),(42784,'海安县',451),(42785,'如东县',451),(42786,'南通',451),(42787,'启东',451),(42788,'如皋',451),(42789,'海门',451),(42790,'市辖区',452),(42791,'连云',452),(42792,'海州',452),(42793,'赣榆',452),(42794,'东海县',452),(42795,'灌云县',452),(42796,'灌南县',452),(42797,'连云港',452),(42798,'连云港高新',452),(42799,'市辖区',453),(42800,'淮安',453),(42801,'淮阴',453),(42802,'清江浦',453),(42803,'洪泽',453),(42804,'涟水县',453),(42805,'盱眙县',453),(42806,'金湖县',453),(42807,'淮安',453),(42808,'市辖区',454),(42809,'亭湖',454),(42810,'盐都',454),(42811,'大丰',454),(42812,'响水县',454),(42813,'滨海县',454),(42814,'阜宁县',454),(42815,'射阳县',454),(42816,'建湖县',454),(42817,'盐城',454),(42818,'东台',454),(42819,'市辖区',455),(42820,'广陵',455),(42821,'邗江',455),(42822,'江都',455),(42823,'宝应县',455),(42824,'扬州',455),(42825,'仪征',455),(42826,'高邮',455),(42827,'市辖区',456),(42828,'京口',456),(42829,'润州',456),(42830,'丹徒',456),(42831,'镇江新',456),(42832,'丹阳',456),(42833,'扬中',456),(42834,'句容',456),(42835,'市辖区',459),(42836,'上城',459),(42837,'下城',459),(42838,'江干',459),(42839,'拱墅',459),(42840,'西湖',459),(42841,'滨江',459),(42842,'萧山',459),(42843,'余杭',459),(42844,'富阳',459),(42845,'临安',459),(42846,'桐庐县',459),(42847,'淳安县',459),(42848,'建德',459),(42849,'市辖区',460),(42850,'海曙',460),(42851,'江北',460),(42852,'北仑',460),(42853,'镇海',460),(42854,'鄞州',460),(42855,'奉化',460),(42856,'象山县',460),(42857,'宁海县',460),(42858,'余姚',460),(42859,'慈溪',460),(42860,'市辖区',461),(42861,'鹿城',461),(42862,'龙湾',461),(42863,'瓯海',461),(42864,'洞头',461),(42865,'永嘉县',461),(42866,'平阳县',461),(42867,'苍南县',461),(42868,'文成县',461),(42869,'泰顺县',461),(42870,'温州',461),(42871,'瑞安',461),(42872,'乐清',461),(42873,'市辖区',462),(42874,'南湖',462),(42875,'秀洲',462),(42876,'嘉善县',462),(42877,'海盐县',462),(42878,'海宁',462),(42879,'平湖',462),(42880,'桐乡',462),(42881,'市辖区',463),(42882,'吴兴',463),(42883,'南浔',463),(42884,'德清县',463),(42885,'长兴县',463),(42886,'安吉县',463),(42887,'市辖区',464),(42888,'越城',464),(42889,'柯桥',464),(42890,'上虞',464),(42891,'新昌县',464),(42892,'诸暨',464),(42893,'嵊州',464),(42894,'市辖区',465),(42895,'婺城',465),(42896,'金东',465),(42897,'武义县',465),(42898,'浦江县',465),(42899,'磐安县',465),(42900,'兰溪',465),(42901,'义乌',465),(42902,'东阳',465),(42903,'永康',465),(42904,'市辖区',466),(42905,'柯城',466),(42906,'衢江',466),(42907,'常山县',466),(42908,'开化县',466),(42909,'龙游县',466),(42910,'江山',466),(42911,'市辖区',467),(42912,'定海',467),(42913,'普陀',467),(42914,'岱山县',467),(42915,'嵊泗县',467),(42916,'市辖区',468),(42917,'椒江',468),(42918,'黄岩',468),(42919,'路桥',468),(42920,'三门县',468),(42921,'天台县',468),(42922,'仙居县',468),(42923,'温岭',468),(42924,'临海',468),(42925,'玉环',468),(42926,'市辖区',469),(42927,'莲都',469),(42928,'青田县',469),(42929,'缙云县',469),(42930,'遂昌县',469),(42931,'松阳县',469),(42932,'云和县',469),(42933,'庆元县',469),(42934,'景宁畲族',469),(42935,'龙泉',469),(42936,'市辖区',470),(42937,'瑶海',470),(42938,'庐阳',470),(42939,'蜀山',470),(42940,'包河',470),(42941,'长丰县',470),(42942,'肥东县',470),(42943,'肥西县',470),(42944,'庐江县',470),(42945,'合肥高新',470),(42946,'合肥',470),(42947,'合肥新站高新',470),(42948,'巢湖',470),(42949,'市辖区',471),(42950,'镜湖',471),(42951,'弋江',471),(42952,'鸠江',471),(42953,'三山',471),(42954,'芜湖县',471),(42955,'繁昌县',471),(42956,'南陵县',471),(42957,'无为县',471),(42958,'芜湖',471),(42959,'安徽芜湖',471),(42960,'市辖区',472),(42961,'龙子湖',472),(42962,'蚌山',472),(42963,'禹会',472),(42964,'淮上',472),(42965,'怀远县',472),(42966,'五河县',472),(42967,'固镇县',472),(42968,'蚌埠市高新',472),(42969,'蚌埠市',472),(42970,'市辖区',473),(42971,'大通',473),(42972,'田家庵',473),(42973,'谢家集',473),(42974,'八公山',473),(42975,'潘集',473),(42976,'凤台县',473),(42977,'寿县',473),(42978,'市辖区',474),(42979,'花山',474),(42980,'雨山',474),(42981,'博望',474),(42982,'当涂县',474),(42983,'含山县',474),(42984,'和县',474),(42985,'市辖区',475),(42986,'杜集',475),(42987,'相山',475),(42988,'烈山',475),(42989,'濉溪县',475),(42990,'市辖区',476),(42991,'铜官',476),(42992,'义安',476),(42993,'郊',476),(42994,'枞阳县',476),(42995,'市辖区',477),(42996,'迎江',477),(42997,'大观',477),(42998,'宜秀',477),(42999,'怀宁县',477),(43000,'潜山县',477),(43001,'太湖县',477),(43002,'宿松县',477),(43003,'望江县',477),(43004,'岳西县',477),(43005,'安徽安庆',477),(43006,'桐城',477),(43007,'市辖区',478),(43008,'屯溪',478),(43009,'黄山',478),(43010,'徽州',478),(43011,'歙县',478),(43012,'休宁县',478),(43013,'黟县',478),(43014,'祁门县',478),(43015,'市辖区',479),(43016,'琅琊',479),(43017,'南谯',479),(43018,'来安县',479),(43019,'全椒县',479),(43020,'定远县',479),(43021,'凤阳县',479),(43022,'苏滁现代',479),(43023,'滁州',479),(43024,'天长',479),(43025,'明光',479),(43026,'市辖区',480),(43027,'颍州',480),(43028,'颍东',480),(43029,'颍泉',480),(43030,'临泉县',480),(43031,'太和县',480),(43032,'阜南县',480),(43033,'颍上县',480),(43034,'阜阳合肥',480),(43035,'阜阳',480),(43036,'界首',480),(43037,'市辖区',486),(43038,'鼓楼',486),(43039,'台江',486),(43040,'仓山',486),(43041,'马尾',486),(43042,'晋安',486),(43043,'闽侯县',486),(43044,'连江县',486),(43045,'罗源县',486),(43046,'闽清县',486),(43047,'永泰县',486),(43048,'平潭县',486),(43049,'福清',486),(43050,'长乐',486),(43051,'市辖区',487),(43052,'思明',487),(43053,'海沧',487),(43054,'湖里',487),(43055,'集美',487),(43056,'同安',487),(43057,'翔安',487),(43058,'市辖区',488),(43059,'城厢',488),(43060,'涵江',488),(43061,'荔城',488),(43062,'秀屿',488),(43063,'仙游县',488),(43064,'市辖区',489),(43065,'梅列',489),(43066,'三元',489),(43067,'明溪县',489),(43068,'清流县',489),(43069,'宁化县',489),(43070,'大田县',489),(43071,'尤溪县',489),(43072,'沙县',489),(43073,'将乐县',489),(43074,'泰宁县',489),(43075,'建宁县',489),(43076,'永安',489),(43077,'市辖区',490),(43078,'鲤城',490),(43079,'丰泽',490),(43080,'洛江',490),(43081,'泉港',490),(43082,'惠安县',490),(43083,'安溪县',490),(43084,'永春县',490),(43085,'德化县',490),(43086,'金门县',490),(43087,'石狮',490),(43088,'晋江',490),(43089,'南安',490),(43090,'市辖区',491),(43091,'芗城',491),(43092,'龙文',491),(43093,'云霄县',491),(43094,'漳浦县',491),(43095,'诏安县',491),(43096,'长泰县',491),(43097,'东山县',491),(43098,'南靖县',491),(43099,'平和县',491),(43100,'华安县',491),(43101,'龙海',491),(43102,'市辖区',492),(43103,'延平',492),(43104,'建阳',492),(43105,'顺昌县',492),(43106,'浦城县',492),(43107,'光泽县',492),(43108,'松溪县',492),(43109,'政和县',492),(43110,'邵武',492),(43111,'武夷山',492),(43112,'建瓯',492),(43113,'市辖区',493),(43114,'新罗',493),(43115,'永定',493),(43116,'长汀县',493),(43117,'上杭县',493),(43118,'武平县',493),(43119,'连城县',493),(43120,'漳平',493),(43121,'市辖区',494),(43122,'蕉城',494),(43123,'霞浦县',494),(43124,'古田县',494),(43125,'屏南县',494),(43126,'寿宁县',494),(43127,'周宁县',494),(43128,'柘荣县',494),(43129,'福安',494),(43130,'福鼎',494),(43131,'市辖区',495),(43132,'东湖',495),(43133,'西湖',495),(43134,'青云谱',495),(43135,'湾里',495),(43136,'青山湖',495),(43137,'新建',495),(43138,'南昌县',495),(43139,'安义县',495),(43140,'进贤县',495),(43141,'市辖区',496),(43142,'昌江',496),(43143,'珠山',496),(43144,'浮梁县',496),(43145,'乐平',496),(43146,'市辖区',497),(43147,'安源',497),(43148,'湘东',497),(43149,'莲花县',497),(43150,'上栗县',497),(43151,'芦溪县',497),(43152,'市辖区',498),(43153,'濂溪',498),(43154,'浔阳',498),(43155,'柴桑',498),(43156,'武宁县',498),(43157,'修水县',498),(43158,'永修县',498),(43159,'德安县',498),(43160,'都昌县',498),(43161,'湖口县',498),(43162,'彭泽县',498),(43163,'瑞昌',498),(43164,'共青城',498),(43165,'庐山',498),(43166,'市辖区',499),(43167,'渝水',499),(43168,'分宜县',499),(43169,'市辖区',500),(43170,'月湖',500),(43171,'余江县',500),(43172,'贵溪',500),(43173,'市辖区',501),(43174,'章贡',501),(43175,'南康',501),(43176,'赣县',501),(43177,'信丰县',501),(43178,'大余县',501),(43179,'上犹县',501),(43180,'崇义县',501),(43181,'安远县',501),(43182,'龙南县',501),(43183,'定南县',501),(43184,'全南县',501),(43185,'宁都县',501),(43186,'于都县',501),(43187,'兴国县',501),(43188,'会昌县',501),(43189,'寻乌县',501),(43190,'石城县',501),(43191,'瑞金',501),(43192,'市辖区',502),(43193,'吉州',502),(43194,'青原',502),(43195,'吉安县',502),(43196,'吉水县',502),(43197,'峡江县',502),(43198,'新干县',502),(43199,'永丰县',502),(43200,'泰和县',502),(43201,'遂川县',502),(43202,'万安县',502),(43203,'安福县',502),(43204,'永新县',502),(43205,'井冈山',502),(43206,'市辖区',503),(43207,'袁州',503),(43208,'奉新县',503),(43209,'万载县',503),(43210,'上高县',503),(43211,'宜丰县',503),(43212,'靖安县',503),(43213,'铜鼓县',503),(43214,'丰城',503),(43215,'樟树',503),(43216,'高安',503),(43217,'市辖区',504),(43218,'临川',504),(43219,'东乡',504),(43220,'南城县',504),(43221,'黎川县',504),(43222,'南丰县',504),(43223,'崇仁县',504),(43224,'乐安县',504),(43225,'宜黄县',504),(43226,'金溪县',504),(43227,'资溪县',504),(43228,'广昌县',504),(43229,'市辖区',505),(43230,'信州',505),(43231,'广丰',505),(43232,'上饶县',505),(43233,'玉山县',505),(43234,'铅山县',505),(43235,'横峰县',505),(43236,'弋阳县',505),(43237,'余干县',505),(43238,'鄱阳县',505),(43239,'万年县',505),(43240,'婺源县',505),(43241,'德兴',505),(43242,'市辖区',506),(43243,'历下',506),(43244,'市中',506),(43245,'槐荫',506),(43246,'天桥',506),(43247,'历城',506),(43248,'长清',506),(43249,'章丘',506),(43250,'平阴县',506),(43251,'济阳县',506),(43252,'商河县',506),(43253,'济南高新',506),(43254,'市辖区',507),(43255,'市南',507),(43256,'市北',507),(43257,'黄岛',507),(43258,'崂山',507),(43259,'李沧',507),(43260,'城阳',507),(43261,'即墨',507),(43262,'青岛高新',507),(43263,'胶州',507),(43264,'平度',507),(43265,'莱西',507),(43266,'市辖区',508),(43267,'淄川',508),(43268,'张店',508),(43269,'博山',508),(43270,'临淄',508),(43271,'周村',508),(43272,'桓台县',508),(43273,'高青县',508),(43274,'沂源县',508),(43275,'市辖区',509),(43276,'市中',509),(43277,'薛城',509),(43278,'峄城',509),(43279,'台儿庄',509),(43280,'山亭',509),(43281,'滕州',509),(43282,'市辖区',510),(43283,'东营',510),(43284,'河口',510),(43285,'垦利',510),(43286,'利津县',510),(43287,'广饶县',510),(43288,'东营',510),(43289,'东营港',510),(43290,'市辖区',511),(43291,'芝罘',511),(43292,'福山',511),(43293,'牟平',511),(43294,'莱山',511),(43295,'长岛县',511),(43296,'烟台高新',511),(43297,'烟台',511),(43298,'龙口',511),(43299,'莱阳',511),(43300,'莱州',511),(43301,'蓬莱',511),(43302,'招远',511),(43303,'栖霞',511),(43304,'海阳',511),(43305,'市辖区',512),(43306,'潍城',512),(43307,'寒亭',512),(43308,'坊子',512),(43309,'奎文',512),(43310,'临朐县',512),(43311,'昌乐县',512),(43312,'潍坊滨海',512),(43313,'青州',512),(43314,'诸城',512),(43315,'寿光',512),(43316,'安丘',512),(43317,'高密',512),(43318,'昌邑',512),(43319,'市辖区',513),(43320,'任城',513),(43321,'兖州',513),(43322,'微山县',513),(43323,'鱼台县',513),(43324,'金乡县',513),(43325,'嘉祥县',513),(43326,'汶上县',513),(43327,'泗水县',513),(43328,'梁山县',513),(43329,'济宁高新',513),(43330,'曲阜',513),(43331,'邹城',513),(43332,'市辖区',514),(43333,'泰山',514),(43334,'岱岳',514),(43335,'宁阳县',514),(43336,'东平县',514),(43337,'新泰',514),(43338,'肥城',514),(43339,'市辖区',515),(43340,'环翠',515),(43341,'文登',515),(43342,'威海火炬高',515),(43343,'威海',515),(43344,'威海临港',515),(43345,'荣成',515),(43346,'乳山',515),(43347,'市辖区',516),(43348,'东港',516),(43349,'岚山',516),(43350,'五莲县',516),(43351,'莒县',516),(43352,'日照',516),(43353,'日照国际',516),(43354,'市辖区',523),(43355,'中原',523),(43356,'二七',523),(43357,'管城回族',523),(43358,'金水',523),(43359,'上街',523),(43360,'惠济',523),(43361,'中牟县',523),(43362,'郑州',523),(43363,'郑州高新',523),(43364,'郑州航空港',523),(43365,'巩义',523),(43366,'荥阳',523),(43367,'新密',523),(43368,'新郑',523),(43369,'登封',523),(43370,'市辖区',524),(43371,'龙亭',524),(43372,'顺河回族',524),(43373,'鼓楼',524),(43374,'禹王台',524),(43375,'祥符',524),(43376,'杞县',524),(43377,'通许县',524),(43378,'尉氏县',524),(43379,'兰考县',524),(43380,'市辖区',525),(43381,'老城',525),(43382,'西工',525),(43383,'瀍河回族',525),(43384,'涧西',525),(43385,'吉利',525),(43386,'洛龙',525),(43387,'孟津县',525),(43388,'新安县',525),(43389,'栾川县',525),(43390,'嵩县',525),(43391,'汝阳县',525),(43392,'宜阳县',525),(43393,'洛宁县',525),(43394,'伊川县',525),(43395,'洛阳高新',525),(43396,'偃师',525),(43397,'市辖区',526),(43398,'新华',526),(43399,'卫东',526),(43400,'石龙',526),(43401,'湛河',526),(43402,'宝丰县',526),(43403,'叶县',526),(43404,'鲁山县',526),(43405,'郏县',526),(43406,'平顶山高新',526),(43407,'平顶山市新城',526),(43408,'舞钢',526),(43409,'汝州',526),(43410,'市辖区',527),(43411,'文峰',527),(43412,'北关',527),(43413,'殷都',527),(43414,'龙安',527),(43415,'安阳县',527),(43416,'汤阴县',527),(43417,'滑县',527),(43418,'内黄县',527),(43419,'安阳高新',527),(43420,'林州',527),(43421,'市辖区',528),(43422,'鹤山',528),(43423,'山城',528),(43424,'淇滨',528),(43425,'浚县',528),(43426,'淇县',528),(43427,'鹤壁',528),(43428,'市辖区',529),(43429,'红旗',529),(43430,'卫滨',529),(43431,'凤泉',529),(43432,'牧野',529),(43433,'新乡县',529),(43434,'获嘉县',529),(43435,'原阳县',529),(43436,'延津县',529),(43437,'封丘县',529),(43438,'长垣县',529),(43439,'新乡高新',529),(43440,'新乡',529),(43441,'新乡市平原城',529),(43442,'卫辉',529),(43443,'辉县',529),(43444,'市辖区',530),(43445,'解放',530),(43446,'中站',530),(43447,'马村',530),(43448,'山阳',530),(43449,'修武县',530),(43450,'博爱县',530),(43451,'武陟县',530),(43452,'温县',530),(43453,'焦作城',530),(43454,'沁阳',530),(43455,'孟州',530),(43456,'市辖区',531),(43457,'华龙',531),(43458,'清丰县',531),(43459,'南乐县',531),(43460,'范县',531),(43461,'台前县',531),(43462,'濮阳县',531),(43463,'河南濮阳',531),(43464,'濮阳',531),(43465,'市辖区',532),(43466,'魏都',532),(43467,'建安',532),(43468,'鄢陵县',532),(43469,'襄城县',532),(43470,'许昌',532),(43471,'禹州',532),(43472,'长葛',532),(43473,'市辖区',533),(43474,'源汇',533),(43475,'郾城',533),(43476,'召陵',533),(43477,'舞阳县',533),(43478,'临颍县',533),(43479,'漯河',533),(43480,'市辖区',541),(43481,'江岸',541),(43482,'江汉',541),(43483,'硚口',541),(43484,'汉阳',541),(43485,'武昌',541),(43486,'青山',541),(43487,'洪山',541),(43488,'东西湖',541),(43489,'汉南',541),(43490,'蔡甸',541),(43491,'江夏',541),(43492,'黄陂',541),(43493,'新洲',541),(43494,'市辖区',542),(43495,'黄石港',542),(43496,'西塞山',542),(43497,'下陆',542),(43498,'铁山',542),(43499,'阳新县',542),(43500,'大冶',542),(43501,'市辖区',543),(43502,'茅箭',543),(43503,'张湾',543),(43504,'郧阳',543),(43505,'郧西县',543),(43506,'竹山县',543),(43507,'竹溪县',543),(43508,'房县',543),(43509,'丹江口',543),(43510,'市辖区',544),(43511,'西陵',544),(43512,'伍家岗',544),(43513,'点军',544),(43514,'猇亭',544),(43515,'夷陵',544),(43516,'远安县',544),(43517,'兴山县',544),(43518,'秭归县',544),(43519,'长阳土家族',544),(43520,'五峰土家族',544),(43521,'宜都',544),(43522,'当阳',544),(43523,'枝江',544),(43524,'市辖区',545),(43525,'襄城',545),(43526,'樊城',545),(43527,'襄州',545),(43528,'南漳县',545),(43529,'谷城县',545),(43530,'保康县',545),(43531,'老河口',545),(43532,'枣阳',545),(43533,'宜城',545),(43534,'市辖区',546),(43535,'梁子湖',546),(43536,'华容',546),(43537,'鄂城',546),(43538,'市辖区',547),(43539,'东宝',547),(43540,'掇刀',547),(43541,'京山县',547),(43542,'沙洋县',547),(43543,'钟祥',547),(43544,'市辖区',548),(43545,'孝南',548),(43546,'孝昌县',548),(43547,'大悟县',548),(43548,'云梦县',548),(43549,'应城',548),(43550,'安陆',548),(43551,'汉川',548),(43552,'市辖区',549),(43553,'沙市',549),(43554,'荆州',549),(43555,'公安县',549),(43556,'监利县',549),(43557,'江陵县',549),(43558,'荆州',549),(43559,'石首',549),(43560,'洪湖',549),(43561,'松滋',549),(43562,'市辖区',550),(43563,'黄州',550),(43564,'团风县',550),(43565,'红安县',550),(43566,'罗田县',550),(43567,'英山县',550),(43568,'浠水县',550),(43569,'蕲春县',550),(43570,'黄梅县',550),(43571,'龙感湖管理',550),(43572,'麻城',550),(43573,'武穴',550),(43574,'市辖区',551),(43575,'咸安',551),(43576,'嘉鱼县',551),(43577,'通城县',551),(43578,'崇阳县',551),(43579,'通山县',551),(43580,'赤壁',551),(43581,'市辖区',554),(43582,'芙蓉',554),(43583,'天心',554),(43584,'岳麓',554),(43585,'开福',554),(43586,'雨花',554),(43587,'望城',554),(43588,'长沙县',554),(43589,'浏阳',554),(43590,'宁乡',554),(43591,'市辖区',555),(43592,'荷塘',555),(43593,'芦淞',555),(43594,'石峰',555),(43595,'天元',555),(43596,'株洲县',555),(43597,'攸县',555),(43598,'茶陵县',555),(43599,'炎陵县',555),(43600,'云龙示范',555),(43601,'醴陵',555),(43602,'市辖区',556),(43603,'雨湖',556),(43604,'岳塘',556),(43605,'湘潭县',556),(43606,'湖南湘潭高新',556),(43607,'湘潭昭山示范',556),(43608,'湘潭九华示范',556),(43609,'湘乡',556),(43610,'韶山',556),(43611,'市辖区',557),(43612,'珠晖',557),(43613,'雁峰',557),(43614,'石鼓',557),(43615,'蒸湘',557),(43616,'南岳',557),(43617,'衡阳县',557),(43618,'衡南县',557),(43619,'衡山县',557),(43620,'衡东县',557),(43621,'祁东县',557),(43622,'衡阳综合保税',557),(43623,'湖南衡阳高新',557),(43624,'湖南衡阳松木',557),(43625,'耒阳',557),(43626,'常宁',557),(43627,'市辖区',558),(43628,'双清',558),(43629,'大祥',558),(43630,'北塔',558),(43631,'邵东县',558),(43632,'新邵县',558),(43633,'邵阳县',558),(43634,'隆回县',558),(43635,'洞口县',558),(43636,'绥宁县',558),(43637,'新宁县',558),(43638,'城步苗族',558),(43639,'武冈',558),(43640,'市辖区',559),(43641,'岳阳楼',559),(43642,'云溪',559),(43643,'君山',559),(43644,'岳阳县',559),(43645,'华容县',559),(43646,'湘阴县',559),(43647,'平江县',559),(43648,'岳阳市屈原',559),(43649,'汨罗',559),(43650,'临湘',559),(43651,'市辖区',560),(43652,'武陵',560),(43653,'鼎城',560),(43654,'安乡县',560),(43655,'汉寿县',560),(43656,'澧县',560),(43657,'临澧县',560),(43658,'桃源县',560),(43659,'石门县',560),(43660,'常德市西洞庭',560),(43661,'津市',560),(43662,'市辖区',561),(43663,'永定',561),(43664,'武陵源',561),(43665,'慈利县',561),(43666,'桑植县',561),(43667,'市辖区',562),(43668,'资阳',562),(43669,'赫山',562),(43670,'南县',562),(43671,'桃江县',562),(43672,'安化县',562),(43673,'益阳市大通湖',562),(43674,'湖南益阳高新',562),(43675,'沅江',562),(43676,'市辖区',563),(43677,'北湖',563),(43678,'苏仙',563),(43679,'桂阳县',563),(43680,'宜章县',563),(43681,'永兴县',563),(43682,'嘉禾县',563),(43683,'临武县',563),(43684,'汝城县',563),(43685,'桂东县',563),(43686,'安仁县',563),(43687,'资兴',563),(43688,'市辖区',564),(43689,'零陵',564),(43690,'冷水滩',564),(43691,'祁阳县',564),(43692,'东安县',564),(43693,'双牌县',564),(43694,'道县',564),(43695,'江永县',564),(43696,'宁远县',564),(43697,'蓝山县',564),(43698,'新田县',564),(43699,'江华瑶族',564),(43700,'永州',564),(43701,'永州市金洞',564),(43702,'永州市回龙圩',564),(43703,'市辖区',568),(43704,'荔湾',568),(43705,'越秀',568),(43706,'海珠',568),(43707,'天河',568),(43708,'白云',568),(43709,'黄埔',568),(43710,'番禺',568),(43711,'花都',568),(43712,'南沙',568),(43713,'从化',568),(43714,'增城',568),(43715,'市辖区',569),(43716,'武江',569),(43717,'浈江',569),(43718,'曲江',569),(43719,'始兴县',569),(43720,'仁化县',569),(43721,'翁源县',569),(43722,'乳源瑶族',569),(43723,'新丰县',569),(43724,'乐昌',569),(43725,'南雄',569),(43726,'市辖区',570),(43727,'罗湖',570),(43728,'福田',570),(43729,'南山',570),(43730,'宝安',570),(43731,'龙岗',570),(43732,'盐田',570),(43733,'龙华',570),(43734,'坪山',570),(43735,'市辖区',571),(43736,'香洲',571),(43737,'斗门',571),(43738,'金湾',571),(43739,'市辖区',572),(43740,'龙湖',572),(43741,'金平',572),(43742,'濠江',572),(43743,'潮阳',572),(43744,'潮南',572),(43745,'澄海',572),(43746,'南澳县',572),(43747,'市辖区',573),(43748,'禅城',573),(43749,'南海',573),(43750,'顺德',573),(43751,'三水',573),(43752,'高明',573),(43753,'市辖区',574),(43754,'蓬江',574),(43755,'江海',574),(43756,'新会',574),(43757,'台山',574),(43758,'开平',574),(43759,'鹤山',574),(43760,'恩平',574),(43761,'市辖区',575),(43762,'赤坎',575),(43763,'霞山',575),(43764,'坡头',575),(43765,'麻章',575),(43766,'遂溪县',575),(43767,'徐闻县',575),(43768,'廉江',575),(43769,'雷州',575),(43770,'吴川',575),(43771,'市辖区',576),(43772,'茂南',576),(43773,'电白',576),(43774,'高州',576),(43775,'化州',576),(43776,'信宜',576),(43777,'市辖区',577),(43778,'端州',577),(43779,'鼎湖',577),(43780,'高要',577),(43781,'广宁县',577),(43782,'怀集县',577),(43783,'封开县',577),(43784,'德庆县',577),(43785,'四会',577),(43786,'市辖区',578),(43787,'惠城',578),(43788,'惠阳',578),(43789,'博罗县',578),(43790,'惠东县',578),(43791,'龙门县',578),(43792,'市辖区',589),(43793,'兴宁',589),(43794,'青秀',589),(43795,'江南',589),(43796,'西乡塘',589),(43797,'良庆',589),(43798,'邕宁',589),(43799,'武鸣',589),(43800,'隆安县',589),(43801,'马山县',589),(43802,'上林县',589),(43803,'宾阳县',589),(43804,'横县',589),(43805,'市辖区',590),(43806,'城中',590),(43807,'鱼峰',590),(43808,'柳南',590),(43809,'柳北',590),(43810,'柳江',590),(43811,'柳城县',590),(43812,'鹿寨县',590),(43813,'融安县',590),(43814,'融水苗族',590),(43815,'三江侗族',590),(43816,'市辖区',591),(43817,'秀峰',591),(43818,'叠彩',591),(43819,'象山',591),(43820,'七星',591),(43821,'雁山',591),(43822,'临桂',591),(43823,'阳朔县',591),(43824,'灵川县',591),(43825,'全州县',591),(43826,'兴安县',591),(43827,'永福县',591),(43828,'灌阳县',591),(43829,'龙胜各族',591),(43830,'资源县',591),(43831,'平乐县',591),(43832,'荔浦县',591),(43833,'恭城瑶族',591),(43834,'市辖区',592),(43835,'万秀',592),(43836,'长洲',592),(43837,'龙圩',592),(43838,'苍梧县',592),(43839,'藤县',592),(43840,'蒙山县',592),(43841,'岑溪',592),(43842,'市辖区',593),(43843,'海城',593),(43844,'银海',593),(43845,'铁山港',593),(43846,'合浦县',593),(43847,'市辖区',594),(43848,'港口',594),(43849,'防城',594),(43850,'上思县',594),(43851,'东兴',594),(43852,'市辖区',595),(43853,'钦南',595),(43854,'钦北',595),(43855,'灵山县',595),(43856,'浦北县',595),(43857,'市辖区',596),(43858,'港北',596),(43859,'港南',596),(43860,'覃塘',596),(43861,'平南县',596),(43862,'桂平',596),(43863,'市辖区',597),(43864,'玉州',597),(43865,'福绵',597),(43866,'容县',597),(43867,'陆川县',597),(43868,'博白县',597),(43869,'兴业县',597),(43870,'北流',597),(43871,'市辖区',598),(43872,'右江',598),(43873,'田阳县',598),(43874,'田东县',598),(43875,'平果县',598),(43876,'德保县',598),(43877,'那坡县',598),(43878,'凌云县',598),(43879,'乐业县',598),(43880,'田林县',598),(43881,'西林县',598),(43882,'隆林各族',598),(43883,'靖西',598),(43884,'市辖区',599),(43885,'八步',599),(43886,'平桂',599),(43887,'昭平县',599),(43888,'钟山县',599),(43889,'富川瑶族',599),(43890,'市辖区',603),(43891,'秀英',603),(43892,'龙华',603),(43893,'琼山',603),(43894,'美兰',603),(43895,'市辖区',604),(43896,'海棠',604),(43897,'吉阳',604),(43898,'天涯',604),(43899,'崖州',604),(43900,'西沙群岛',605),(43901,'南沙群岛',605),(43902,'中沙群岛',605),(43903,'那大镇',606),(43904,'和庆镇',606),(43905,'南丰镇',606),(43906,'大成镇',606),(43907,'雅星镇',606),(43908,'兰洋镇',606),(43909,'光村镇',606),(43910,'木棠镇',606),(43911,'海头镇',606),(43912,'峨蔓镇',606),(43913,'王五镇',606),(43914,'白马井镇',606),(43915,'中和镇',606),(43916,'排浦镇',606),(43917,'东成镇',606),(43918,'新州镇',606),(43919,'洋浦',606),(43920,'华南热作学院',606),(43921,'五指山',714),(43922,'琼海',714),(43923,'文昌',714),(43924,'万宁',714),(43925,'东方',714),(43926,'定安县',714),(43927,'屯昌县',714),(43928,'澄迈县',714),(43929,'临高县',714),(43930,'白沙黎族',714),(43931,'昌江黎族',714),(43932,'乐东黎族',714),(43933,'陵水黎族',714),(43934,'保亭黎族苗族',714),(43935,'琼中黎族苗族',714),(43936,'万州',607),(43937,'涪陵',607),(43938,'渝中',607),(43939,'大渡口',607),(43940,'江北',607),(43941,'沙坪坝',607),(43942,'九龙坡',607),(43943,'南岸',607),(43944,'北碚',607),(43945,'綦江',607),(43946,'大足',607),(43947,'渝北',607),(43948,'巴南',607),(43949,'黔江',607),(43950,'长寿',607),(43951,'江津',607),(43952,'合川',607),(43953,'永川',607),(43954,'南川',607),(43955,'璧山',607),(43956,'铜梁',607),(43957,'潼南',607),(43958,'荣昌',607),(43959,'开州',607),(43960,'梁平',607),(43961,'武隆',607),(43962,'城口县',715),(43963,'丰都县',715),(43964,'垫江县',715),(43965,'忠县',715),(43966,'云阳县',715),(43967,'奉节县',715),(43968,'巫山县',715),(43969,'巫溪县',715),(43970,'石柱土家族',715),(43971,'秀山土家族',715),(43972,'酉阳土家族',715),(43973,'彭水苗族土',715),(43974,'市辖区',608),(43975,'锦江',608),(43976,'青羊',608),(43977,'金牛',608),(43978,'武侯',608),(43979,'成华',608),(43980,'龙泉驿',608),(43981,'青白江',608),(43982,'新都',608),(43983,'温江',608),(43984,'双流',608),(43985,'郫都',608),(43986,'金堂县',608),(43987,'大邑县',608),(43988,'蒲江县',608),(43989,'新津县',608),(43990,'都江堰',608),(43991,'彭州',608),(43992,'邛崃',608),(43993,'崇州',608),(43994,'简阳',608),(43995,'市辖区',609),(43996,'自流井',609),(43997,'贡井',609),(43998,'大安',609),(43999,'沿滩',609),(44000,'荣县',609),(44001,'富顺县',609),(44002,'市辖区',610),(44003,'东',610),(44004,'西',610),(44005,'仁和',610),(44006,'米易县',610),(44007,'盐边县',610),(44008,'市辖区',611),(44009,'江阳',611),(44010,'纳溪',611),(44011,'龙马潭',611),(44012,'泸县',611),(44013,'合江县',611),(44014,'叙永县',611),(44015,'古蔺县',611),(44016,'市辖区',612),(44017,'旌阳',612),(44018,'罗江',612),(44019,'中江县',612),(44020,'广汉',612),(44021,'什邡',612),(44022,'绵竹',612),(44023,'市辖区',613),(44024,'涪城',613),(44025,'游仙',613),(44026,'安州',613),(44027,'三台县',613),(44028,'盐亭县',613),(44029,'梓潼县',613),(44030,'北川羌族',613),(44031,'平武县',613),(44032,'江油',613),(44033,'市辖区',614),(44034,'利州',614),(44035,'昭化',614),(44036,'朝天',614),(44037,'旺苍县',614),(44038,'青川县',614),(44039,'剑阁县',614),(44040,'苍溪县',614),(44041,'市辖区',615),(44042,'船山',615),(44043,'安居',615),(44044,'蓬溪县',615),(44045,'射洪县',615),(44046,'大英县',615),(44047,'市辖区',616),(44048,'市中',616),(44049,'东兴',616),(44050,'威远县',616),(44051,'资中县',616),(44052,'内江',616),(44053,'隆昌',616),(44054,'市辖区',617),(44055,'市中',617),(44056,'沙湾',617),(44057,'五通桥',617),(44058,'金口河',617),(44059,'犍为县',617),(44060,'井研县',617),(44061,'夹江县',617),(44062,'沐川县',617),(44063,'峨边彝族',617),(44064,'马边彝族',617),(44065,'峨眉山',617),(44066,'市辖区',618),(44067,'顺庆',618),(44068,'高坪',618),(44069,'嘉陵',618),(44070,'南部县',618),(44071,'营山县',618),(44072,'蓬安县',618),(44073,'仪陇县',618),(44074,'西充县',618),(44075,'阆中',618),(44076,'市辖区',629),(44077,'南明',629),(44078,'云岩',629),(44079,'花溪',629),(44080,'乌当',629),(44081,'白云',629),(44082,'观山湖',629),(44083,'开阳县',629),(44084,'息烽县',629),(44085,'修文县',629),(44086,'清镇',629),(44087,'钟山',630),(44088,'六枝特',630),(44089,'水城县',630),(44090,'盘州',630),(44091,'市辖区',631),(44092,'红花岗',631),(44093,'汇川',631),(44094,'播州',631),(44095,'桐梓县',631),(44096,'绥阳县',631),(44097,'正安县',631),(44098,'道真仡佬族',631),(44099,'务川仡佬族',631),(44100,'凤冈县',631),(44101,'湄潭县',631),(44102,'余庆县',631),(44103,'习水县',631),(44104,'赤水',631),(44105,'仁怀',631),(44106,'市辖区',632),(44107,'西秀',632),(44108,'平坝',632),(44109,'普定县',632),(44110,'镇宁布依族',632),(44111,'关岭布依族',632),(44112,'紫云苗族布',632),(44113,'市辖区',633),(44114,'七星关',633),(44115,'大方县',633),(44116,'黔西县',633),(44117,'金沙县',633),(44118,'织金县',633),(44119,'纳雍县',633),(44120,'威宁彝族',633),(44121,'赫章县',633),(44122,'市辖区',634),(44123,'碧江',634),(44124,'万山',634),(44125,'江口县',634),(44126,'玉屏侗族',634),(44127,'石阡县',634),(44128,'思南县',634),(44129,'印江土家族',634),(44130,'德江县',634),(44131,'沿河土家族',634),(44132,'松桃苗族',634),(44133,'兴义',635),(44134,'兴仁县',635),(44135,'普安县',635),(44136,'晴隆县',635),(44137,'贞丰县',635),(44138,'望谟县',635),(44139,'册亨县',635),(44140,'安龙县',635),(44141,'凯里',636),(44142,'黄平县',636),(44143,'施秉县',636),(44144,'三穗县',636),(44145,'镇远县',636),(44146,'岑巩县',636),(44147,'天柱县',636),(44148,'锦屏县',636),(44149,'剑河县',636),(44150,'台江县',636),(44151,'黎平县',636),(44152,'榕江县',636),(44153,'从江县',636),(44154,'雷山县',636),(44155,'麻江县',636),(44156,'丹寨县',636),(44157,'都匀',637),(44158,'福泉',637),(44159,'荔波县',637),(44160,'贵定县',637),(44161,'瓮安县',637),(44162,'独山县',637),(44163,'平塘县',637),(44164,'罗甸县',637),(44165,'长顺县',637),(44166,'龙里县',637),(44167,'惠水县',637),(44168,'三都水族',637),(44169,'市辖区',638),(44170,'五华',638),(44171,'盘龙',638),(44172,'官渡',638),(44173,'西山',638),(44174,'东川',638),(44175,'呈贡',638),(44176,'晋宁',638),(44177,'富民县',638),(44178,'宜良县',638),(44179,'石林彝族',638),(44180,'嵩明县',638),(44181,'禄劝彝族苗族',638),(44182,'寻甸回族彝族',638),(44183,'安宁',638),(44184,'市辖区',639),(44185,'麒麟',639),(44186,'沾益',639),(44187,'马龙县',639),(44188,'陆良县',639),(44189,'师宗县',639),(44190,'罗平县',639),(44191,'富源县',639),(44192,'会泽县',639),(44193,'宣威',639),(44194,'市辖区',640),(44195,'红塔',640),(44196,'江川',640),(44197,'澄江县',640),(44198,'通海县',640),(44199,'华宁县',640),(44200,'易门县',640),(44201,'峨山彝族',640),(44202,'新平彝族傣族',640),(44203,'元江哈尼族',640),(44204,'市辖区',641),(44205,'隆阳',641),(44206,'施甸县',641),(44207,'龙陵县',641),(44208,'昌宁县',641),(44209,'腾冲',641),(44210,'市辖区',642),(44211,'昭阳',642),(44212,'鲁甸县',642),(44213,'巧家县',642),(44214,'盐津县',642),(44215,'大关县',642),(44216,'永善县',642),(44217,'绥江县',642),(44218,'镇雄县',642),(44219,'彝良县',642),(44220,'威信县',642),(44221,'水富县',642),(44222,'市辖区',643),(44223,'古城',643),(44224,'玉龙纳西族',643),(44225,'永胜县',643),(44226,'华坪县',643),(44227,'宁蒗彝族',643),(44228,'市辖区',644),(44229,'思茅',644),(44230,'宁洱哈尼族',644),(44231,'墨江哈尼族',644),(44232,'景东彝族',644),(44233,'景谷傣族彝族',644),(44234,'镇沅彝族',644),(44235,'江城哈尼族',644),(44236,'孟连傣族',644),(44237,'澜沧拉祜族',644),(44238,'西盟佤族',644),(44239,'市辖区',645),(44240,'临翔',645),(44241,'凤庆县',645),(44242,'云县',645),(44243,'永德县',645),(44244,'镇康县',645),(44245,'双江拉祜族',645),(44246,'耿马傣族佤族',645),(44247,'沧源佤族',645),(44248,'楚雄',646),(44249,'双柏县',646),(44250,'牟定县',646),(44251,'南华县',646),(44252,'姚安县',646),(44253,'大姚县',646),(44254,'永仁县',646),(44255,'元谋县',646),(44256,'武定县',646),(44257,'禄丰县',646),(44258,'个旧',647),(44259,'开远',647),(44260,'蒙自',647),(44261,'弥勒',647),(44262,'屏边苗族',647),(44263,'建水县',647),(44264,'石屏县',647),(44265,'泸西县',647),(44266,'元阳县',647),(44267,'红河县',647),(44268,'金平苗族瑶族',647),(44269,'绿春县',647),(44270,'河口瑶族',647),(44271,'文山',648),(44272,'砚山县',648),(44273,'西畴县',648),(44274,'麻栗坡县',648),(44275,'马关县',648),(44276,'丘北县',648),(44277,'广南县',648),(44278,'富宁县',648),(44279,'市辖区',654),(44280,'城关',654),(44281,'堆龙德庆',654),(44282,'林周县',654),(44283,'当雄县',654),(44284,'尼木县',654),(44285,'曲水县',654),(44286,'达孜县',654),(44287,'墨竹工卡县',654),(44288,'格尔木藏青',654),(44289,'拉萨',654),(44290,'西藏文化旅游',654),(44291,'达孜',654),(44292,'桑珠孜',655),(44293,'南木林县',655),(44294,'江孜县',655),(44295,'定日县',655),(44296,'萨迦县',655),(44297,'拉孜县',655),(44298,'昂仁县',655),(44299,'谢通门县',655),(44300,'白朗县',655),(44301,'仁布县',655),(44302,'康马县',655),(44303,'定结县',655),(44304,'仲巴县',655),(44305,'亚东县',655),(44306,'吉隆县',655),(44307,'聂拉木县',655),(44308,'萨嘎县',655),(44309,'岗巴县',655),(44310,'卡若',656),(44311,'江达县',656),(44312,'贡觉县',656),(44313,'类乌齐县',656),(44314,'丁青县',656),(44315,'察雅县',656),(44316,'八宿县',656),(44317,'左贡县',656),(44318,'芒康县',656),(44319,'洛隆县',656),(44320,'边坝县',656),(44321,'巴宜',657),(44322,'工布江达县',657),(44323,'米林县',657),(44324,'墨脱县',657),(44325,'波密县',657),(44326,'察隅县',657),(44327,'朗县',657),(44328,'市辖区',658),(44329,'乃东',658),(44330,'扎囊县',658),(44331,'贡嘎县',658),(44332,'桑日县',658),(44333,'琼结县',658),(44334,'曲松县',658),(44335,'措美县',658),(44336,'洛扎县',658),(44337,'加查县',658),(44338,'隆子县',658),(44339,'错那县',658),(44340,'浪卡子县',658),(44341,'那曲县',659),(44342,'嘉黎县',659),(44343,'比如县',659),(44344,'聂荣县',659),(44345,'安多县',659),(44346,'申扎县',659),(44347,'索县',659),(44348,'班戈县',659),(44349,'巴青县',659),(44350,'尼玛县',659),(44351,'双湖县',659),(44352,'普兰县',660),(44353,'札达县',660),(44354,'噶尔县',660),(44355,'日土县',660),(44356,'革吉县',660),(44357,'改则县',660),(44358,'措勤县',660),(44359,'市辖区',661),(44360,'新城',661),(44361,'碑林',661),(44362,'莲湖',661),(44363,'灞桥',661),(44364,'未央',661),(44365,'雁塔',661),(44366,'阎良',661),(44367,'临潼',661),(44368,'长安',661),(44369,'高陵',661),(44370,'鄠邑',661),(44371,'蓝田县',661),(44372,'周至县',661),(44373,'市辖区',662),(44374,'王益',662),(44375,'印台',662),(44376,'耀州',662),(44377,'宜君县',662),(44378,'市辖区',663),(44379,'渭滨',663),(44380,'金台',663),(44381,'陈仓',663),(44382,'凤翔县',663),(44383,'岐山县',663),(44384,'扶风县',663),(44385,'眉县',663),(44386,'陇县',663),(44387,'千阳县',663),(44388,'麟游县',663),(44389,'凤县',663),(44390,'太白县',663),(44391,'市辖区',664),(44392,'秦都',664),(44393,'杨陵',664),(44394,'渭城',664),(44395,'三原县',664),(44396,'泾阳县',664),(44397,'乾县',664),(44398,'礼泉县',664),(44399,'永寿县',664),(44400,'彬县',664),(44401,'长武县',664),(44402,'旬邑县',664),(44403,'淳化县',664),(44404,'武功县',664),(44405,'兴平',664),(44406,'市辖区',665),(44407,'临渭',665),(44408,'华州',665),(44409,'潼关县',665),(44410,'大荔县',665),(44411,'合阳县',665),(44412,'澄城县',665),(44413,'蒲城县',665),(44414,'白水县',665),(44415,'富平县',665),(44416,'韩城',665),(44417,'华阴',665),(44418,'市辖区',666),(44419,'宝塔',666),(44420,'安塞',666),(44421,'延长县',666),(44422,'延川县',666),(44423,'子长县',666),(44424,'志丹县',666),(44425,'吴起县',666),(44426,'甘泉县',666),(44427,'富县',666),(44428,'洛川县',666),(44429,'宜川县',666),(44430,'黄龙县',666),(44431,'黄陵县',666),(44432,'市辖区',667),(44433,'汉台',667),(44434,'南郑',667),(44435,'城固县',667),(44436,'洋县',667),(44437,'西乡县',667),(44438,'勉县',667),(44439,'宁强县',667),(44440,'略阳县',667),(44441,'镇巴县',667),(44442,'留坝县',667),(44443,'佛坪县',667),(44444,'市辖区',668),(44445,'榆阳',668),(44446,'横山',668),(44447,'府谷县',668),(44448,'靖边县',668),(44449,'定边县',668),(44450,'绥德县',668),(44451,'米脂县',668),(44452,'佳县',668),(44453,'吴堡县',668),(44454,'清涧县',668),(44455,'子洲县',668),(44456,'神木',668),(44457,'市辖区',669),(44458,'汉滨',669),(44459,'汉阴县',669),(44460,'石泉县',669),(44461,'宁陕县',669),(44462,'紫阳县',669),(44463,'岚皋县',669),(44464,'平利县',669),(44465,'镇坪县',669),(44466,'旬阳县',669),(44467,'白河县',669),(44468,'市辖区',670),(44469,'商州',670),(44470,'洛南县',670),(44471,'丹凤县',670),(44472,'商南县',670),(44473,'山阳县',670),(44474,'镇安县',670),(44475,'柞水县',670),(44476,'市辖区',671),(44477,'城关',671),(44478,'七里河',671),(44479,'西固',671),(44480,'安宁',671),(44481,'红古',671),(44482,'永登县',671),(44483,'皋兰县',671),(44484,'榆中县',671),(44485,'兰州新',671),(44486,'市辖区',672),(44487,'市辖区',673),(44488,'金川',673),(44489,'永昌县',673),(44490,'市辖区',674),(44491,'白银',674),(44492,'平川',674),(44493,'靖远县',674),(44494,'会宁县',674),(44495,'景泰县',674),(44496,'市辖区',675),(44497,'秦州',675),(44498,'麦积',675),(44499,'清水县',675),(44500,'秦安县',675),(44501,'甘谷县',675),(44502,'武山县',675),(44503,'张家川回族',675),(44504,'市辖区',676),(44505,'凉州',676),(44506,'民勤县',676),(44507,'古浪县',676),(44508,'天祝藏族',676),(44509,'市辖区',677),(44510,'甘州',677),(44511,'肃南裕固族',677),(44512,'民乐县',677),(44513,'临泽县',677),(44514,'高台县',677),(44515,'山丹县',677),(44516,'市辖区',678),(44517,'崆峒',678),(44518,'泾川县',678),(44519,'灵台县',678),(44520,'崇信县',678),(44521,'华亭县',678),(44522,'庄浪县',678),(44523,'静宁县',678),(44524,'平凉',678),(44525,'市辖区',679),(44526,'肃州',679),(44527,'金塔县',679),(44528,'瓜州县',679),(44529,'肃北蒙古族',679),(44530,'哈萨克族',679),(44531,'玉门',679),(44532,'敦煌',679),(44533,'市辖区',680),(44534,'西峰',680),(44535,'庆城县',680),(44536,'环县',680),(44537,'华池县',680),(44538,'合水县',680),(44539,'正宁县',680),(44540,'宁县',680),(44541,'镇原县',680),(44542,'市辖区',681),(44543,'安定',681),(44544,'通渭县',681),(44545,'陇西县',681),(44546,'渭源县',681),(44547,'临洮县',681),(44548,'漳县',681),(44549,'岷县',681),(44550,'市辖区',685),(44551,'城东',685),(44552,'城中',685),(44553,'城西',685),(44554,'城北',685),(44555,'大通回族土族',685),(44556,'湟中县',685),(44557,'湟源县',685),(44558,'乐都',686),(44559,'平安',686),(44560,'民和回族土族',686),(44561,'互助土族',686),(44562,'化隆回族',686),(44563,'循化撒拉族',686),(44564,'门源回族',687),(44565,'祁连县',687),(44566,'海晏县',687),(44567,'刚察县',687),(44568,'同仁县',688),(44569,'尖扎县',688),(44570,'泽库县',688),(44571,'河南蒙古族',688),(44572,'共和县',689),(44573,'同德县',689),(44574,'贵德县',689),(44575,'兴海县',689),(44576,'贵南县',689),(44577,'玛沁县',690),(44578,'班玛县',690),(44579,'甘德县',690),(44580,'达日县',690),(44581,'久治县',690),(44582,'玛多县',690),(44583,'玉树',691),(44584,'杂多县',691),(44585,'称多县',691),(44586,'治多县',691),(44587,'囊谦县',691),(44588,'曲麻莱县',691),(44589,'格尔木',692),(44590,'德令哈',692),(44591,'乌兰县',692),(44592,'都兰县',692),(44593,'天峻县',692),(44594,'大柴旦行政',692),(44595,'冷湖行政',692),(44596,'茫崖行政',692),(44597,'市辖区',693),(44598,'兴庆',693),(44599,'西夏',693),(44600,'金凤',693),(44601,'永宁县',693),(44602,'贺兰县',693),(44603,'灵武',693),(44604,'市辖区',694),(44605,'大武口',694),(44606,'惠农',694),(44607,'平罗县',694),(44608,'市辖区',695),(44609,'利通',695),(44610,'红寺堡',695),(44611,'盐池县',695),(44612,'同心县',695),(44613,'青铜峡',695),(44614,'市辖区',696),(44615,'原州',696),(44616,'西吉县',696),(44617,'隆德县',696),(44618,'泾源县',696),(44619,'彭阳县',696),(44620,'市辖区',697),(44621,'沙坡头',697),(44622,'中宁县',697),(44623,'海原县',697),(44624,'市辖区',698),(44625,'天山',698),(44626,'沙依巴克',698),(44627,'新市',698),(44628,'水磨沟',698),(44629,'头屯河',698),(44630,'达坂城',698),(44631,'米东',698),(44632,'乌鲁木齐县',698),(44633,'乌鲁木齐',698),(44634,'乌鲁木齐高新',698),(44635,'市辖区',699),(44636,'独山子',699),(44637,'克拉玛依',699),(44638,'白碱滩',699),(44639,'乌尔禾',699),(44640,'高昌',700),(44641,'鄯善县',700),(44642,'托克逊县',700),(44643,'伊州',701),(44644,'巴里坤哈萨克',701),(44645,'伊吾县',701),(44646,'昌吉',702),(44647,'阜康',702),(44648,'呼图壁县',702),(44649,'玛纳斯县',702),(44650,'奇台县',702),(44651,'吉木萨尔县',702),(44652,'木垒哈萨克',702),(44653,'博乐',703),(44654,'阿拉山口',703),(44655,'精河县',703),(44656,'温泉县',703),(44657,'库尔勒',704),(44658,'轮台县',704),(44659,'尉犁县',704),(44660,'若羌县',704),(44661,'且末县',704),(44662,'焉耆回族',704),(44663,'和静县',704),(44664,'和硕县',704),(44665,'博湖县',704),(44666,'库尔勒',704),(44667,'阿克苏',705),(44668,'温宿县',705),(44669,'库车县',705),(44670,'沙雅县',705),(44671,'新和县',705),(44672,'拜城县',705),(44673,'乌什县',705),(44674,'阿瓦提县',705),(44675,'柯坪县',705),(44676,'阿图什',706),(44677,'阿克陶县',706),(44678,'阿合奇县',706),(44679,'乌恰县',706),(44680,'喀什',707),(44681,'疏附县',707),(44682,'疏勒县',707),(44683,'英吉沙县',707),(44684,'泽普县',707),(44685,'莎车县',707),(44686,'叶城县',707),(44687,'麦盖提县',707),(44688,'岳普湖县',707),(44689,'伽师县',707),(44690,'巴楚县',707),(44691,'塔什库尔',707),(44692,'和田',708),(44693,'和田县',708),(44694,'墨玉县',708),(44695,'皮山县',708),(44696,'洛浦县',708),(44697,'策勒县',708),(44698,'于田县',708),(44699,'民丰县',708),(44700,'	阿拉善左旗',408),(44701,'阿拉善右旗',408),(44702,'	额济纳旗',408),(44703,'内蒙古阿拉善',408),(44704,'市辖区',420),(44705,'银州',420),(44706,'清河',420),(44707,'铁岭县',420),(44708,'西丰县',420),(44709,'昌图县',420),(44710,'调兵山',420),(44711,'开原',420),(44712,'市辖区',421),(44713,'双塔',421),(44714,'龙城',421),(44715,'朝阳县',421),(44716,'建平县',421),(44717,'喀喇沁左翼',421),(44718,'北票',421),(44719,'凌源',421),(44720,'市辖区',422),(44721,'连山',422),(44722,'龙港',422),(44723,'南票',422),(44724,'绥中县',422),(44725,'建昌县',422),(44726,'兴城',422),(44727,'市辖区',443),(44728,'北林',443),(44729,'望奎县',443),(44730,'兰西县',443),(44731,'青冈县',443),(44732,'庆安县',443),(44733,'明水县',443),(44734,'绥棱县',443),(44735,'安达',443),(44736,'肇东',443),(44737,'海伦',443),(44738,'加格达奇',444),(44739,'松岭',444),(44740,'新林',444),(44741,'呼中',444),(44742,'呼玛县',444),(44743,'塔河县',444),(44744,'漠河县',444),(44745,'市辖区',457),(44746,'海陵',457),(44747,'高港',457),(44748,'姜堰',457),(44749,'泰州医药高新',457),(44750,'兴化',457),(44751,'靖江',457),(44752,'泰兴',457),(44753,'市辖区',458),(44754,'宿城',458),(44755,'宿豫',458),(44756,'沭阳县',458),(44757,'泗阳县',458),(44758,'泗洪县',458),(44759,'宿迁',458),(44760,'市辖区',481),(44761,'埇桥',481),(44762,'砀山县',481),(44763,'萧县',481),(44764,'灵璧县',481),(44765,'泗县',481),(44766,'宿州马鞍山',481),(44767,'宿州',481),(44768,'市辖区',482),(44769,'金安',482),(44770,'裕安',482),(44771,'叶集',482),(44772,'霍邱县',482),(44773,'舒城县',482),(44774,'金寨县',482),(44775,'霍山县',482),(44776,'市辖区',483),(44777,'谯城',483),(44778,'涡阳县',483),(44779,'蒙城县',483),(44780,'利辛县',483),(44781,'市辖区',484),(44782,'贵池',484),(44783,'东至县',484),(44784,'石台县',484),(44785,'青阳县',484),(44786,'市辖区',485),(44787,'宣州',485),(44788,'郎溪县',485),(44789,'广德县',485),(44790,'泾县',485),(44791,'绩溪县',485),(44792,'旌德县',485),(44793,'宣城市',485),(44794,'市辖区',517),(44795,'莱城',517),(44796,'钢城',517),(44797,'市辖区',518),(44798,'兰山',518),(44799,'罗庄',518),(44800,'市辖区',519),(44801,'德城',519),(44802,'陵城',519),(44803,'市辖区',520),(44804,'东昌府',520),(44805,'阳谷县',520),(44806,'市辖区',521),(44807,'滨城',521),(44808,'沾化',521),(44809,'市辖区',522),(44810,'牡丹',522),(44811,'定陶',522),(44812,'市辖区',534),(44813,'湖滨',534),(44814,'陕州',534),(44815,'渑池县',534),(44816,'卢氏县',534),(44817,'河南三门峡',534),(44818,'义马',534),(44819,'灵宝',534),(44820,'市辖区',535),(44821,'宛城',535),(44822,'卧龙',535),(44823,'南召县',535),(44824,'方城县',535),(44825,'西峡县',535),(44826,'镇平县',535),(44827,'内乡县',535),(44828,'市辖区',536),(44829,'梁园',536),(44830,'睢阳',536),(44831,'民权县',536),(44832,'睢县',536),(44833,'宁陵县',536),(44834,'柘城县',536),(44835,'虞城县',536),(44836,'市辖区',537),(44837,'浉河',537),(44838,'平桥',537),(44839,'罗山县',537),(44840,'光山县',537),(44841,'新县',537),(44842,'商城县',537),(44843,'固始县',537),(44844,'市辖区',538),(44845,'川汇',538),(44846,'扶沟县',538),(44847,'西华县',538),(44848,'商水县',538),(44849,'沈丘县',538),(44850,'郸城县',538),(44851,'淮阳县',538),(44852,'市辖区',539),(44853,'驿城',539),(44854,'西平县',539),(44855,'上蔡县',539),(44856,'平舆县',539),(44857,'正阳县',539),(44858,'确山县',539),(44859,'泌阳县',539),(44860,'济源',540),(44861,'市辖区',552),(44862,'曾都',552),(44863,'随县',552),(44864,'广水',552),(44865,'恩施',553),(44866,'利川',553),(44867,'建始县',553),(44868,'巴东县',553),(44869,'仙桃',713),(44870,'潜江',713),(44871,'天门',713),(44872,'神农架林',713),(44873,'市辖区',565),(44874,'鹤城',565),(44875,'中方县',565),(44876,'沅陵县',565),(44877,'辰溪县',565),(44878,'溆浦县',565),(44879,'会同县',565),(44880,'麻阳苗族',565),(44881,'新晃侗族',565),(44882,'芷江侗族',565),(44883,'靖州苗族侗族',565),(44884,'通道侗族',565),(44885,'怀化市洪江',565),(44886,'洪江',565),(44887,'市辖区',566),(44888,'娄星',566),(44889,'双峰县',566),(44890,'新化县',566),(44891,'冷水江',566),(44892,'涟源',566),(44893,'吉首',567),(44894,'泸溪县',567),(44895,'凤凰县',567),(44896,'花垣县',567),(44897,'保靖县',567),(44898,'古丈县',567),(44899,'永顺县',567),(44900,'龙山县',567),(44901,'湖南吉首',567),(44902,'湖南永顺',567),(44903,'市辖区',579),(44904,'梅江',579),(44905,'梅县',579),(44906,'大埔县',579),(44907,'丰顺县',579),(44908,'五华县',579),(44909,'平远县',579),(44910,'蕉岭县',579),(44911,'兴宁',579),(44912,'市辖区',580),(44913,'城',580),(44914,'海丰县',580),(44915,'陆河县',580),(44916,'陆丰',580),(44917,'市辖区',581),(44918,'源城',581),(44919,'紫金县',581),(44920,'龙川县',581),(44921,'连平县',581),(44922,'和平县',581),(44923,'东源县',581),(44924,'市辖区',582),(44925,'江城',582),(44926,'阳东',582),(44927,'阳西县',582),(44928,'阳春',582),(44929,'市辖区',583),(44930,'清城',583),(44931,'清新',583),(44932,'佛冈县',583),(44933,'阳山县',583),(44934,'连山壮族瑶族',583),(44935,'连南瑶族',583),(44936,'英德',583),(44937,'连州',583),(44938,'东城街道',584),(44939,'南城街道',584),(44940,'万江街道',584),(44941,'莞城街道',584),(44942,'石碣镇',584),(44943,'石龙镇',584),(44944,'茶山镇',584),(44945,'石排镇',584),(44946,'企石镇',584),(44947,'石岐区街道',585),(44948,'东区街道',585),(44949,'火炬开发区',585),(44950,'西区街道',585),(44951,'南区街道',585),(44952,'五桂山街道',585),(44953,'小榄镇',585),(44954,'黄圃镇',585),(44955,'民众镇',585),(44956,'市辖区',586),(44957,'湘桥',586),(44958,'潮安',586),(44959,'饶平县',586),(44960,'市辖区',587),(44961,'榕城',587),(44962,'揭东',587),(44963,'揭西县',587),(44964,'惠来县',587),(44965,'普宁',587),(44966,'市辖区',588),(44967,'云城',588),(44968,'云安',588),(44969,'新兴县',588),(44970,'郁南县',588),(44971,'罗定',588),(44972,'市辖区',600),(44973,'金城江',600),(44974,'宜州',600),(44975,'南丹县',600),(44976,'天峨县',600),(44977,'凤山县',600),(44978,'东兰县',600),(44979,'罗城仫佬族',600),(44980,'环江毛南族',600),(44981,'巴马瑶族',600),(44982,'都安瑶族',600),(44983,'大化瑶族',600),(44984,'市辖区',601),(44985,'兴宾',601),(44986,'忻城县',601),(44987,'象州县',601),(44988,'武宣县',601),(44989,'金秀瑶族',601),(44990,'合山',601),(44991,'市辖区',602),(44992,'江州',602),(44993,'扶绥县',602),(44994,'宁明县',602),(44995,'龙州县',602),(44996,'大新县',602),(44997,'天等县',602),(44998,'凭祥',602),(44999,'市辖区',619),(45000,'东坡',619),(45001,'彭山',619),(45002,'仁寿县',619),(45003,'洪雅县',619),(45004,'丹棱县',619),(45005,'青神县',619),(45006,'市辖区',620),(45007,'翠屏',620),(45008,'南溪',620),(45009,'宜宾县',620),(45010,'江安县',620),(45011,'长宁县',620),(45012,'高县',620),(45013,'市辖区',621),(45014,'广安',621),(45015,'前锋',621),(45016,'岳池县',621),(45017,'武胜县',621),(45018,'邻水县',621),(45019,'华蓥',621),(45020,'市辖区',622),(45021,'通川',622),(45022,'达川',622),(45023,'宣汉县',622),(45024,'开江县',622),(45025,'大竹县',622),(45026,'渠县',622),(45027,'市辖区',623),(45028,'雨城',623),(45029,'名山',623),(45030,'荥经县',623),(45031,'汉源县',623),(45032,'石棉县',623),(45033,'天全县',623),(45034,'市辖区',624),(45035,'巴州',624),(45036,'恩阳',624),(45037,'通江县',624),(45038,'南江县',624),(45039,'平昌县',624),(45040,'巴中',624),(45041,'市辖区',625),(45042,'雁江',625),(45043,'安岳县',625),(45044,'乐至县',625),(45045,'马尔康',626),(45046,'汶川县',626),(45047,'理县',626),(45048,'茂县',626),(45049,'松潘县',626),(45050,'九寨沟县',626),(45051,'金川县',626),(45052,'康定',627),(45053,'泸定县',627),(45054,'丹巴县',627),(45055,'九龙县',627),(45056,'雅江县',627),(45057,'道孚县',627),(45058,'炉霍县',627),(45059,'西昌',628),(45060,'木里藏族',628),(45061,'盐源县',628),(45062,'德昌县',628),(45063,'会理县',628),(45064,'会东县',628),(45065,'宁南县',628),(45066,'景洪',649),(45067,'勐海县',649),(45068,'勐腊县',649),(45069,'大理',650),(45070,'漾濞彝族',650),(45071,'祥云县',650),(45072,'宾川县',650),(45073,'弥渡县',650),(45074,'南涧彝族',650),(45075,'巍山彝族回族',650),(45076,'永平县',650),(45077,'云龙县',650),(45078,'洱源县',650),(45079,'剑川县',650),(45080,'鹤庆县',650),(45081,'瑞丽',651),(45082,'芒',651),(45083,'梁河县',651),(45084,'盈江县',651),(45085,'陇川县',651),(45086,'泸水',652),(45087,'福贡县',652),(45088,'贡山独龙族',652),(45089,'兰坪白族',652),(45090,'香格里拉',653),(45091,'德钦县',653),(45092,'维西傈僳族',653),(45093,'市辖区',682),(45094,'武都',682),(45095,'成县',682),(45096,'文县',682),(45097,'宕昌县',682),(45098,'康县',682),(45099,'西和县',682),(45100,'礼县',682),(45101,'徽县',682),(45102,'两当县',682),(45103,'临夏',683),(45104,'临夏县',683),(45105,'康乐县',683),(45106,'永靖县',683),(45107,'广河县',683),(45108,'和政县',683),(45109,'东乡族',683),(45110,'积石山保安族',683),(45111,'合作',684),(45112,'临潭县',684),(45113,'卓尼县',684),(45114,'舟曲县',684),(45115,'迭部县',684),(45116,'玛曲县',684),(45117,'碌曲县',684),(45118,'夏河县',684),(45119,'伊宁',709),(45120,'奎屯',709),(45121,'霍尔果斯',709),(45122,'伊宁县',709),(45123,'察布查尔锡伯',709),(45124,'霍城县',709),(45125,'巩留县',709),(45126,'新源县',709),(45127,'昭苏县',709),(45128,'特克斯县',709),(45129,'尼勒克县',709),(45130,'塔城',710),(45131,'乌苏',710),(45132,'额敏县',710),(45133,'沙湾县',710),(45134,'托里县',710),(45135,'裕民县',710),(45136,'和布克赛尔',710),(45137,'阿勒泰',711),(45138,'布尔津县',711),(45139,'富蕴县',711),(45140,'福海县',711),(45141,'哈巴河县',711),(45142,'青河县',711),(45143,'吉木乃县',711),(45144,'石河子',712),(45145,'阿拉尔',712),(45146,'图木舒克',712),(45147,'五家渠',712),(45148,'铁门关',712);

/*Table structure for table `review` */

DROP TABLE IF EXISTS `review`;

CREATE TABLE `review` (
  `id` int(4) NOT NULL AUTO_INCREMENT,
  `uid` int(4) DEFAULT NULL COMMENT '用户表id 外键',
  `pid` int(4) DEFAULT NULL COMMENT '产品id 外键',
  `logisticsStar` int(5) DEFAULT NULL COMMENT '物流星级',
  `content` varchar(100) CHARACTER SET utf8mb4 COLLATE utf8mb4_0900_ai_ci DEFAULT NULL COMMENT '评价内容',
  `createDate` datetime DEFAULT NULL COMMENT '评价时间',
  `serveStar` int(5) DEFAULT NULL COMMENT '服务星级',
  `describeStar` int(5) DEFAULT NULL COMMENT '描述星级',
  PRIMARY KEY (`id`) USING BTREE
) ENGINE=InnoDB AUTO_INCREMENT=77 DEFAULT CHARSET=utf8mb4 COLLATE=utf8mb4_0900_ai_ci ROW_FORMAT=DYNAMIC COMMENT='评价表';

/*Data for the table `review` */

insert  into `review`(`id`,`uid`,`pid`,`logisticsStar`,`content`,`createDate`,`serveStar`,`describeStar`) values (1,2,1,5,'物流快，价格便宜，卖家还送了小礼品，已经第二次购买了，下次再来','2019-01-10 23:52:41',5,5),(2,3,1,5,'菠菜很新鲜，商家很好，老顾客了','2019-01-10 23:47:41',5,5),(3,3,1,5,'菠菜很新鲜，商家很好，老顾客了','2019-01-10 23:47:41',5,5),(4,5,1,5,'很喜欢吃吴叔叔家的菠菜！','2019-01-10 23:47:41',5,5),(5,4,1,5,'太好吃了！小小的矮脚菠菜，红红的饱满的根，一看营养土长大的…','2019-01-10 23:47:41',5,5),(6,6,1,5,'不错，我住广东都三天到货还一颗坏的都没有，还会继续购买的','2019-01-10 23:47:41',5,5),(7,7,1,5,'小菠菜超级好吃','2019-01-10 23:47:41',5,4),(8,8,1,5,'快递拖了一天，还没吃','2019-01-10 23:47:41',5,4),(9,9,1,2,'菠菜真是不错，完全如图所示，如店家所述，看得出是刚从地里现摘的，而且碧绿色，无一片黄叶.','2019-01-10 23:47:41',5,5),(10,10,1,5,'菠菜还是很好，白菜有点湿，边上也没包好，所以盒子湿了。并破了，所以我中午就先吃外几层断下来的白菜。','2019-01-10 23:47:41',5,5),(11,8,1,5,'快递拖了一天，还没吃','2019-01-10 23:47:41',5,4),(12,9,1,2,'菠菜真是不错，完全如图所示，如店家所述，看得出是刚从地里现摘的，而且碧绿色，无一片黄叶.','2019-01-10 23:47:41',5,5),(13,10,1,5,'菠菜还是很好，白菜有点湿，边上也没包好，所以盒子湿了。并破了，所以我中午就先吃外几层断下来的白菜。','2019-01-10 23:47:41',5,5),(14,11,1,5,'非常新鲜！2天到货，家乡的味道，中午就吃！啊呜啊呜！','2019-01-10 23:47:41',5,5),(15,12,1,5,'这次的黄叶子有点多','2019-01-10 23:47:41',5,5),(16,13,1,5,'菠菜收到，分量不仅足还多2两，赠送青菜，真是良心老板，谢谢！菠菜看上去很不错，还没吃，等吃过再评价','2019-01-10 23:47:41',5,5),(17,14,1,5,'真是好吃的没话说，家长的味道，百分百回购！','2019-01-10 23:47:41',5,5),(18,15,1,5,'相当好，菠菜新鲜，味道好，商家还送了草头，草头又嫩好味，值得再买','2019-01-10 23:47:41',5,5),(19,16,1,5,'虽然不便宜，但是确实是甜甜的菠菜，烫火锅好吃','2019-01-10 23:47:41',5,5),(20,17,1,5,'虽然不便宜，但是确实是甜甜的菠菜，烫火锅好吃','2019-01-10 23:47:41',5,5),(21,18,1,5,'确实是我要的土菠菜，好吃。最好霜打过。更好吃了','2019-01-10 23:47:41',5,5),(50,19,1,5,'第二次回购，收到马上又炒了，我女儿很爱吃，老板的菜很新鲜','2019-01-10 23:47:41',5,5),(51,19,1,5,'第二次回购，收到马上又炒了，我女儿很爱吃，老板的菜很新鲜','2019-01-10 23:47:41',5,5),(52,9,1,2,'超好吃，比厦门的菠菜好吃板很贴心还送了礼物，一把别的小青菜','2019-01-10 23:47:41',5,5),(53,10,1,5,'菠菜到了，马上去炒，店家的菠菜很新鲜哦，给的超过了2斤，有4斤的量了，谢谢哦！','2019-01-10 23:47:41',5,5),(54,11,1,5,'太满意了！再买！','2019-01-10 23:47:41',5,5),(55,12,1,5,'太小颗了刚出地皮就割下来了，这么贵应该买到金品菜了','2019-01-10 23:47:41',5,5),(56,13,1,5,'物流快，价格便宜，卖家还送了小礼品，已经第二次购买了，下次再来','2019-01-10 23:47:41',5,5),(57,5,2,5,'菠菜很新鲜，商家很好，老顾客了','2019-01-10 23:47:41',5,5),(58,17,2,5,'物流快，价格便宜，卖家还送了小礼品，已经第二次购买了，下次再来','2019-01-10 23:47:41',5,5),(59,18,2,5,'是我们小时候吃的口味呀，','2019-01-10 23:47:41',5,5),(60,19,2,5,'物流快，价格便宜，卖家还送了小礼品，已经第二次购买了，下次再来','2019-01-10 23:47:41',5,5),(61,9,2,2,'菠菜很新鲜，商家很好，老顾客了','2019-01-10 23:47:41',5,5),(62,10,2,5,'一如既往的好，老顾客了新鲜好吃，老板还送了菜','2019-01-10 23:47:41',5,5),(63,10,2,5,'终于找到这种笨菠菜了，好吃。','2019-01-10 23:47:41',5,5),(64,11,2,5,'物流快，价格便宜，卖家还送了小礼品，已经第二次购买了，下次再来','2019-01-10 23:47:41',5,5),(65,12,2,5,'太好了，太新鲜，还有意外之喜，送我一小包草头，一次非常满意的购物，我还会回来的','2019-01-10 23:47:41',5,5),(66,13,2,5,'菜菜太新鲜了，送的草头也很喜欢吃，吃完再来！一次愉快的购物！','2019-01-10 23:47:41',5,5),(67,5,2,5,'菠菜很新鲜，商家很好，老顾客了','2019-01-10 23:47:41',5,5),(68,4,2,5,'真心好吃！老家味道','2019-01-10 23:47:41',5,5),(69,6,2,5,'打火锅很好吃，也谢谢卖家送的小白菜。','2019-01-10 23:47:41',5,5),(70,7,2,5,'东西不错 新鲜，下次青菜也可以连点根给我哦 因为一下子吃不掉 人少','2019-01-10 23:47:41',5,4),(71,8,2,5,'真的是崇明小菠菜，看到感觉很亲切！菠菜还是崇明的好吃！洗洗就干净了。明天中午烧完菜再来评价','2019-01-10 23:47:41',5,4),(72,9,2,2,'菠菜很新鲜，商家很好，老顾客了','2019-01-10 23:47:41',5,5),(73,1,264,3,'123456','2018-05-02 00:00:00',3,2),(74,1,264,3,'123456','2019-02-02 00:00:00',3,5),(75,2,264,4,'654','2019-12-02 00:00:00',5,2),(76,2,264,4,'654','2018-12-02 00:00:00',3,3);

/*Table structure for table `securitycode` */

DROP TABLE IF EXISTS `securitycode`;

CREATE TABLE `securitycode` (
  `id` int(11) NOT NULL AUTO_INCREMENT,
  `letter` varchar(255) CHARACTER SET utf8mb4 COLLATE utf8mb4_0900_ai_ci NOT NULL,
  `imgUrl` varchar(255) CHARACTER SET utf8mb4 COLLATE utf8mb4_0900_ai_ci NOT NULL,
  PRIMARY KEY (`id`) USING BTREE
) ENGINE=InnoDB AUTO_INCREMENT=5 DEFAULT CHARSET=utf8mb4 COLLATE=utf8mb4_0900_ai_ci ROW_FORMAT=DYNAMIC;

/*Data for the table `securitycode` */

insert  into `securitycode`(`id`,`letter`,`imgUrl`) values (1,'QQH8','QQH8.jpg'),(2,'up5T','up5T.jpg'),(3,'XSXT','XSXT.jpg'),(4,'tbz7','tbz7.jpg');

/*Table structure for table `shopping_car` */

DROP TABLE IF EXISTS `shopping_car`;

CREATE TABLE `shopping_car` (
  `id` int(4) NOT NULL AUTO_INCREMENT,
  `uid` int(4) DEFAULT NULL COMMENT '用户表id 外键',
  `pid` int(4) DEFAULT NULL COMMENT '产品表id 外键',
  `number` int(4) DEFAULT NULL COMMENT '收藏数量',
  PRIMARY KEY (`id`) USING BTREE
) ENGINE=InnoDB AUTO_INCREMENT=213 DEFAULT CHARSET=utf8mb4 COLLATE=utf8mb4_0900_ai_ci ROW_FORMAT=DYNAMIC COMMENT='购物车表';

/*Data for the table `shopping_car` */

insert  into `shopping_car`(`id`,`uid`,`pid`,`number`) values (1,2,1,1),(2,2,10,1),(3,2,16,1),(4,3,12,1),(5,3,10,1),(6,4,6,1),(7,5,17,1),(8,0,156,2),(32,7,261,2),(33,7,14,1),(212,1,305,1);

/*Table structure for table `user` */

DROP TABLE IF EXISTS `user`;

CREATE TABLE `user` (
  `id` int(4) NOT NULL AUTO_INCREMENT COMMENT '用户名',
  `name` varchar(50) CHARACTER SET utf8mb4 COLLATE utf8mb4_0900_ai_ci NOT NULL COMMENT '用户名',
  `password` varchar(40) CHARACTER SET utf8mb4 COLLATE utf8mb4_0900_ai_ci NOT NULL COMMENT '密码',
  `access` int(4) NOT NULL COMMENT '权限',
  `phone` varchar(50) CHARACTER SET utf8mb4 COLLATE utf8mb4_0900_ai_ci DEFAULT NULL COMMENT '手机号',
  `id_card` varchar(50) CHARACTER SET utf8mb4 COLLATE utf8mb4_0900_ai_ci DEFAULT NULL COMMENT '身份证号',
  `realName` varchar(255) CHARACTER SET utf8mb4 COLLATE utf8mb4_0900_ai_ci DEFAULT NULL,
  PRIMARY KEY (`id`) USING BTREE
) ENGINE=InnoDB AUTO_INCREMENT=28 DEFAULT CHARSET=utf8mb4 COLLATE=utf8mb4_0900_ai_ci ROW_FORMAT=DYNAMIC COMMENT='用户表';

/*Data for the table `user` */

insert  into `user`(`id`,`name`,`password`,`access`,`phone`,`id_card`,`realName`) values (1,'admin','admin',0,'13523256632','210905197807210546',NULL),(2,'李四','1234',1,'13522532253','370205197405213513',NULL),(3,'张三','2345',1,'12253226523','125523365523001',NULL),(4,'王五','5611',1,'15866233354','233200221144178',NULL),(5,'吴六','2121',1,'13523256632','198562151999026',NULL),(6,'a','a',1,'12355200326','187898519698515',NULL),(7,'杨芳窗帘','11474',1,'14251141422','445525563365992',NULL),(8,'好事邵氏','01417',1,'25144212254','445525564411092',NULL),(9,'梦洁3222','12414',1,'44122254114','140025563365992',NULL),(10,'落地灯212','12441',1,'44122418851','442550563365992',NULL),(11,'酷到想吻你','17414',1,'12514523352','011025563365992',NULL),(12,'自泚温柔不乱给','10522',1,'14122021120','442205563365992',NULL),(13,'素染墨眉','42245',1,'44100210221','445000563365992',NULL),(14,'萌糯糯ing','25211',1,'12012510021','445525110365992',NULL),(15,'西奺','14114',1,'141021453201','445525562222992',NULL),(16,'懒癌弃疗','14141',1,'4110212011','442010563365992',NULL),(17,'遙遙無遠方','21747',1,'25400102025','010101563365992',NULL),(18,'、滚刀废物','71747',1,'12352012235','445110003365992',NULL),(19,'世间万物明澈见底','04152',1,'25102366632','303025563365992',NULL),(20,'去微软','123456 ',1,'13415616516','142725200202210222','签位'),(21,'去微软','123456 ',1,'13415616516','142725200202212222','安全区'),(22,'去问人体','123456 ',1,'13615616516','142725200202210810','驱蚊器'),(23,'而是的风格和健康','123456 ',1,'13467213780','142725201302210256','大和'),(25,'方法黄金','123456*',1,'13467213780','142725200202210810','干果'),(26,'搜索我','123456*',1,'13467213780','1','中丧失'),(27,'哈哈哈','123456 ',1,'15603485240','1','试试');

/*!40101 SET SQL_MODE=@OLD_SQL_MODE */;
/*!40014 SET FOREIGN_KEY_CHECKS=@OLD_FOREIGN_KEY_CHECKS */;
/*!40014 SET UNIQUE_CHECKS=@OLD_UNIQUE_CHECKS */;
/*!40111 SET SQL_NOTES=@OLD_SQL_NOTES */;
